title,brand,description,price,inventory,category,image_1,image_2,image_3,image_4
HyperX Cloud Stinger,HyperX,Lightweight with 90-degree rotating ear cups,49.99,5,headset,https://cdn.shopify.com/s/files/1/0561/8345/5901/products/hyperx_cloud_stinger_1_main_900x.jpg?v=1657645563,https://cdn.shopify.com/s/files/1/0561/8345/5901/products/hyperx_cloud_stinger_4_side_up_900x.jpg?v=1657645563,https://cdn.shopify.com/s/files/1/0561/8345/5901/products/hyperx_cloud_stinger_5_extended_900x.jpg?v=1657645563,https://cdn.shopify.com/s/files/1/0561/8345/5901/products/hyperx_cloud_stinger_3_side_900x.jpg?v=1657645563
HyperX Cloud Alpha S,HyperX,HyperX Virtual 7.1 surround sound,79.99,10,headset,https://cdn.shopify.com/s/files/1/0561/8345/5901/products/hyperx_cloud_alpha_s_black_1_main_900x.jpg?v=1660228731,https://cdn.shopify.com/s/files/1/0561/8345/5901/products/hyperx_cloud_alpha_s_black_3_side_900x.jpg?v=1660228731,https://cdn.shopify.com/s/files/1/0561/8345/5901/products/hyperx_cloud_alpha_s_black_7_accessories_900x.jpg?v=1660228757,https://cdn.shopify.com/s/files/1/0561/8345/5901/products/hyperx_cloud_alpha_s_black_3_side_900x.jpg?v=1660228731
HyperX Cloud Alpha,HyperX,HyperX Dual Chamber Drivers,99.99,10,headset,https://cdn.shopify.com/s/files/1/0561/8345/5901/products/hyperx_cloud_alpha_blackred_1_main_900x.jpg?v=1659974245,https://cdn.shopify.com/s/files/1/0561/8345/5901/products/hyperx_cloud_alpha_blackred_3_front_900x.jpg?v=1659974245,https://cdn.shopify.com/s/files/1/0561/8345/5901/products/hyperx_cloud_alpha_blackred_6_accessories_900x.jpg?v=1659974245,https://cdn.shopify.com/s/files/1/0561/8345/5901/products/hyperx_cloud_alpha_black_5_inline_900x.jpg?v=1659974245
HyperX Cloud II Wireless,HyperX,2.4GHz Wireless and up to 30 hour battery,149.99,15,headset,https://cdn.shopify.com/s/files/1/0561/8345/5901/products/hyperx_cloud_ii_wireless_1_main_900x.jpg?v=1657616656,https://cdn.shopify.com/s/files/1/0561/8345/5901/products/hyperx_cloud_ii_wireless_3_side_900x.jpg?v=1657616656,https://cdn.shopify.com/s/files/1/0561/8345/5901/products/hyperx_cloud_ii_wireless_4_front_900x.jpg?v=1657616656,https://cdn.shopify.com/s/files/1/0561/8345/5901/products/hyperx_cloud_ii_wireless_6_accessories_160x160.jpg?v=1657616656
HyperX Cloud Flight S Wireless,HyperX,2.4 GHz Wireless Gaming Headset,159.99,15,headset,https://cdn.shopify.com/s/files/1/0561/8345/5901/products/hyperx_cloud_flight_s_01_main_900x.jpg?v=1657616659,https://cdn.shopify.com/s/files/1/0561/8345/5901/products/hyperx_cloud_flight_s_03_rotated_angle_900x.jpg?v=1657616659,https://cdn.shopify.com/s/files/1/0561/8345/5901/products/hyperx_cloud_flight_s_05_front_900x.jpg?v=1657616659,https://cdn.shopify.com/s/files/1/0561/8345/5901/products/hyperx_cloud_flight_s_08_accessories_160x160.jpg?v=1657616659
HyperX Cloud II,HyperX,Virtual 7.1 Surround Sound,99.99,15,headset,https://cdn.shopify.com/s/files/1/0561/8345/5901/products/hyperx_cloud_ii_gunmetal_2_main_mixer_900x.jpg?v=1659115689,https://cdn.shopify.com/s/files/1/0561/8345/5901/products/hyperx_cloud_ii_gunmetal_3_detachable_900x.jpg?v=1659115689,https://cdn.shopify.com/s/files/1/0561/8345/5901/products/hyperx_cloud_ii_gunmetal_4_side_900x.jpg?v=1659115689,https://cdn.shopify.com/s/files/1/0561/8345/5901/products/hyperx_cloud_ii_gunmetal_5_front_900x.jpg?v=1659115689
HyperX Cloud Revolver - Gaming Headset + 7.1,HyperX,Studio-grade sound stage,149.99,15,headset,https://cdn.shopify.com/s/files/1/0561/8345/5901/products/hyperx_cloud_revolver_7.1_1_main_900x.jpg?v=1645202459,https://cdn.shopify.com/s/files/1/0561/8345/5901/products/hyperx_cloud_revolver_7.1_5_side_900x.jpg?v=1646174191,https://cdn.shopify.com/s/files/1/0561/8345/5901/products/hyperx_cloud_revolver_7.1_3_front_900x.jpg?v=1646174191,https://cdn.shopify.com/s/files/1/0561/8345/5901/products/hyperx_cloud_revolver_7.1_6_accessories_c5a037d4-5b15-43c6-8a87-23f6f79a2057_900x.jpg?v=1645202459
HyperX Cloud MIX,HyperX,Bluetooth® Wireless Technology,199.99,10,headset,https://cdn.shopify.com/s/files/1/0561/8345/5901/products/hyperx_cloud_mix_2_detachable_900x.jpg?v=1657616658,https://cdn.shopify.com/s/files/1/0561/8345/5901/products/hyperx_cloud_mix_3_front_900x.jpg?v=1657616658,https://cdn.shopify.com/s/files/1/0561/8345/5901/products/hyperx_cloud_mix_4_side_900x.jpg?v=1657616658,https://cdn.shopify.com/s/files/1/0561/8345/5901/products/hyperx_cloud_mix_7_accessories_900x.jpg?v=1657616658
SteelSeries Arctis Nova Pro Wireless,SteelSeries,AI-powered ClearCast Gen 2 noise cancelling microphone silences background noise and keyboard sounds for pristine audio communication and a fully retractable design,349.99,15,headset,https://media.steelseriescdn.com/thumbs/filer_public/cf/30/cf300ea2-7665-4314-be63-eb06350b21c6/imgbuy_arctis_nova_pro_wl_black_1_v2.png__1850x800_q100_crop-scale_optimize_subsampling-2.jpg,https://media.steelseriescdn.com/thumbs/filer_public/29/b7/29b741ab-741f-4f74-b1eb-34f8ff2c637b/imgbuy_arctis_nova_pro_wl_black_4_v2.png__1850x800_q100_crop-scale_optimize_subsampling-2.png,https://media.steelseriescdn.com/thumbs/filer_public/2f/9f/2f9fcdaf-eefc-4de6-a7c4-6f4f39da8840/imgbuy_arctis_nova_pro_wl_black_5_v2.png__1850x800_q100_crop-scale_optimize_subsampling-2.png,https://media.steelseriescdn.com/thumbs/filer_public/72/96/72962981-26d5-4aef-831e-8d82a7fb5740/imgbuy_arctis_nova_pro_wl_black_6_v2.png__1850x800_q100_crop-scale_optimize_subsampling-2.png
SteelSeries Arctis Nova Pro,SteelSeries,AI-powered ClearCast Gen 2 noise cancelling microphone silences background noise and keyboard sounds for pristine audio communication with a fully retractable design,324.99,15,headset,https://media.steelseriescdn.com/thumbs/filer_public/11/0f/110f0ec3-13ec-44e4-8c05-fd279edaadbb/imgbuy_arctis_nova_pro_black_1_v2.png__1850x800_q100_crop-scale_optimize_subsampling-2.jpg,https://media.steelseriescdn.com/thumbs/filer_public/19/3f/193f914a-7f2b-4e4f-9d41-7e8bfb0d5504/imgbuy_arctis_nova_pro_black_4_v2.png__1850x800_q100_crop-scale_optimize_subsampling-2.png,https://media.steelseriescdn.com/thumbs/filer_public/12/41/1241dbfe-6262-420d-b9b2-7b8da97d9d45/imgbuy_arctis_nova_pro_black_5_v2.png__1850x800_q100_crop-scale_optimize_subsampling-2.png,https://media.steelseriescdn.com/thumbs/filer_public/b2/7f/b27f8160-af2d-4717-bff6-c737fed8b574/imgbuy_arctis_nova_pro_black_6_v2.png__1850x800_q100_crop-scale_optimize_subsampling-2.png
SteelSeries Arctis 9 Wireless,SteelSeries,Lossless 2.4 GHz wireless for lag-free high fidelity gaming audio on PC and PlayStation,199.99,15,headset,https://media.steelseriescdn.com/thumbs/filer_public/8b/17/8b171823-796a-4496-8cbc-b7a7ce71b626/a9_buyimg_01.jpg__1850x800_q100_crop-scale_optimize_subsampling-2.jpg,https://media.steelseriescdn.com/thumbs/filer_public/75/26/7526b52c-d053-4de9-864a-e738cd734162/a9_buyimg_02.png__1850x800_q100_crop-scale_optimize_subsampling-2.png,https://media.steelseriescdn.com/thumbs/filer_public/41/66/4166f32d-6d6f-4cca-a07f-0bd7ba7895c7/a9_buyimg_05.png__1850x800_q100_crop-scale_optimize_subsampling-2.png,https://media.steelseriescdn.com/thumbs/filer_public/4c/87/4c87a534-b540-42f1-b96b-ecef3ed90683/a9_buyimg_04.png__1850x800_q100_crop-scale_optimize_subsampling-2.png
SteelSeries Arctis 7+,SteelSeries,Multi-Platform USB-C Gaming Headset,169.99,20,headset,https://media.steelseriescdn.com/thumbs/filer_public/c2/1b/c21befa5-ed69-4757-a445-5b9fd672a5de/imgbuy_arctis_7_black_2.png__1850x800_q100_crop-scale_optimize_subsampling-2.png,https://media.steelseriescdn.com/thumbs/filer_public/17/98/1798746a-d132-446b-9740-6f25c4ad590e/imgbuy_arctis_7_black_3.png__1850x800_q100_crop-scale_optimize_subsampling-2.png,https://media.steelseriescdn.com/thumbs/filer_public/e3/20/e3206eec-2ec4-49d3-b4fc-e21c9ecce6af/imgbuy_arctis_7_black_4.png__1850x800_q100_crop-scale_optimize_subsampling-2.png,https://media.steelseriescdn.com/thumbs/filer_public/cf/5c/cf5c8bce-4373-4676-a5d8-f0398844dfa4/imgbuy_arctis_7_black_5.png__1850x800_q100_crop-scale_optimize_subsampling-2.png
SteelSeries Arctis Prime,SteelSeries,Advanced high fidelity audio drivers with the same premium hardware and tuning from the Arctis Pro,99.99,15,headset,https://media.steelseriescdn.com/thumbs/filer_public/5f/65/5f653b71-d507-4543-b3de-1e7c303bef7f/buyimg_arctis_prime_001.jpg__1850x800_q100_crop-scale_optimize_subsampling-2.jpg,https://media.steelseriescdn.com/thumbs/filer_public/fd/cd/fdcd216f-8d08-42c0-b9c0-9fbc95463746/buyimg_arctis_prime_003.jpg__1850x800_q100_crop-scale_optimize_subsampling-2.jpg,https://media.steelseriescdn.com/thumbs/filer_public/ad/5c/ad5ca2da-fd69-488a-92a9-554eff99dd3f/buyimg_arctis_prime_005.png__1850x800_q100_crop-scale_optimize_subsampling-2.png,https://media.steelseriescdn.com/thumbs/filer_public/fb/b3/fbb3ec6c-3aff-4d48-8fbc-e41b88c32ddb/buyimg_arctis_prime_006.png__1850x800_q100_crop-scale_optimize_subsampling-2.png
SteelSeries Arctis Pro,SteelSeries,Peerless High Resolution PC Gaming Headset,179.99,15,headset,https://media.steelseriescdn.com/thumbs/filer_public/6e/0e/6e0e5ad5-b83c-46af-bd9b-b632e9fd0c18/purchase-gallery-apro-hero.png__1850x800_q100_crop-scale_optimize_subsampling-2.png,https://media.steelseriescdn.com/thumbs/filer_public/4c/d2/4cd24238-f474-4766-b6dc-6b80113b1e7e/purchase-gallery-apro-side.png__1850x800_q100_crop-scale_optimize_subsampling-2.png,https://media.steelseriescdn.com/thumbs/filer_public/73/27/7327d9e8-638a-4ad8-92b7-a5fe18076c5c/arctispro_pkg_render_front.png__1850x800_q100_crop-scale_optimize_subsampling-2.png,https://media.steelseriescdn.com/thumbs/filer_public/b9/16/b9161145-1ceb-415e-a044-70721cf2dad5/purchase-gallery-apro-front.png__1850x800_q100_crop-scale_optimize_subsampling-2.png
SteelSeries Aerox 5,SteelSeries,"Ergonomic 9-button programmable layout with 5 quick-action side buttons, including our unique up/down flick switch.",79.99,15,mice,https://media.steelseriescdn.com/thumbs/filer_public/b9/45/b945b443-38c2-4e5a-883a-ba3b4ef80920/aerox_5_black_pdp_buyimg_1.png__1850x800_q100_crop-scale_optimize_subsampling-2.jpg,https://media.steelseriescdn.com/thumbs/filer_public/08/a0/08a029ee-682b-4403-ad28-fc957507851a/aerox_5_black_pdp_buyimg_2.png__1850x800_q100_crop-scale_optimize_subsampling-2.png,https://media.steelseriescdn.com/thumbs/filer_public/4d/fa/4dfa27fd-05db-47ec-81de-102bc9a6023e/aerox_5_black_pdp_buyimg_3.png__1850x800_q100_crop-scale_optimize_subsampling-2.png,https://media.steelseriescdn.com/thumbs/filer_public/fd/01/fd017c37-4c73-4da9-ab5d-ee34d0cbdb2f/aerox_5_black_pdp_buyimg_5.png__1850x800_q100_crop-scale_optimize_subsampling-2.png
SteelSeries Aerox 5 Wireless,SteelSeries,"Ergonomic 9-button programmable layout with 5 quick action side buttons, including our unique up/down flick switch for fast and efficient in-game actions.",139.99,15,mice,https://media.steelseriescdn.com/thumbs/filer_public/e0/6a/e06ad71f-5f8c-4e97-ab22-a8b4f0f34a4a/aerox_5_wl_black_pdp_buyimg_1.png__1850x800_q100_crop-scale_optimize_subsampling-2.jpg,https://media.steelseriescdn.com/thumbs/filer_public/ec/ce/ecceed79-0f4e-49aa-8621-d12375722c64/aerox_5_wl_black_pdp_buyimg_2.png__1850x800_q100_crop-scale_optimize_subsampling-2.png,https://media.steelseriescdn.com/thumbs/filer_public/8d/de/8dde7103-1a6d-4f77-9efd-4ecead67f400/aerox_5_wl_black_pdp_buyimg_3.png__1850x800_q100_crop-scale_optimize_subsampling-2.png,https://media.steelseriescdn.com/thumbs/filer_public/23/4e/234e7443-0c61-4761-8eba-586a736e5e41/aerox_5_wl_black_pdp_buyimg_5.png__1850x800_q100_crop-scale_optimize_subsampling-2.png
SteelSeries Aerox 9 Wireless,SteelSeries,"Ergonomic 18-button programmable layout with a 12-button side panel made for quick access to abilities and macros, in an easy-to-learn design.",149.99,15,mice,https://media.steelseriescdn.com/thumbs/filer_public/1f/8a/1f8ad834-8c94-42b0-ab1e-d1c3e6d34406/aerox_9_wl_black_pdp_buyimg_1.png__1850x800_q100_crop-scale_optimize_subsampling-2.jpg,https://media.steelseriescdn.com/thumbs/filer_public/e2/65/e26551cd-1a94-49e9-9f28-09474ac1ee19/aerox_9_wl_black_pdp_buyimg_2.png__1850x800_q100_crop-scale_optimize_subsampling-2.png,https://media.steelseriescdn.com/thumbs/filer_public/0a/c3/0ac36be6-0896-448e-bf06-2245711e9b3a/aerox_9_wl_black_pdp_buyimg_3.png__1850x800_q100_crop-scale_optimize_subsampling-2.png,https://media.steelseriescdn.com/thumbs/filer_public/d2/23/d223203b-aafd-4a71-8d44-01c7cba62af5/aerox_9_wl_black_pdp_buyimg_5.png__1850x800_q100_crop-scale_optimize_subsampling-2.png
SteelSeries Prime Wireless,SteelSeries,Lightning fast Prestige OM™ switches deliver over 100M crispy clicks,129.99,15,mice,https://media.steelseriescdn.com/thumbs/filer_public/a5/9b/a59b15ff-18ad-45ee-bd79-89ae12e7c4f4/buyimg_prime_wl_001.jpg__1850x800_q100_crop-scale_optimize_subsampling-2.jpg,https://media.steelseriescdn.com/thumbs/filer_public/92/24/9224d27a-4c49-4156-afbb-91db79f4ad6b/buyimg_prime_wl_004.jpg__1850x800_q100_crop-scale_optimize_subsampling-2.jpg,https://media.steelseriescdn.com/thumbs/filer_public/59/56/59567c00-d73d-4a1f-aa1d-4b168075c9ed/buyimg_prime_wl_005.png__1850x800_q100_crop-scale_optimize_subsampling-2.png,https://media.steelseriescdn.com/thumbs/filer_public/d3/b6/d3b6d5a4-a03e-48c0-a39e-2a953f11b703/buyimg_prime_wl_006.png__1850x800_q100_crop-scale_optimize_subsampling-2.png
SteelSeries Prime+,SteelSeries,Tournament-Ready Pro Series Gaming Mouse,79.99,15,mice,https://media.steelseriescdn.com/thumbs/filer_public/09/df/09df3c9a-e202-458d-9972-777767810a73/buyimg_prime__001.jpg__1850x800_q100_crop-scale_optimize_subsampling-2.jpg,https://media.steelseriescdn.com/thumbs/filer_public/18/a7/18a71cff-6733-4492-9285-455e061545ba/buyimg_prime__004.jpg__1850x800_q100_crop-scale_optimize_subsampling-2.jpg,https://media.steelseriescdn.com/thumbs/filer_public/3a/6f/3a6ff209-c401-463f-91e9-64c70d389311/buyimg_prime__005.png__1850x800_q100_crop-scale_optimize_subsampling-2.png,https://media.steelseriescdn.com/thumbs/filer_public/90/d0/90d0a1ee-62b0-43d9-a1fe-34009209ff19/buyimg_prime__006.png__1850x800_q100_crop-scale_optimize_subsampling-2.png
SteelSeries Prime Mini Wireless,SteelSeries,Smaller. Lighter. All Performance.,129.99,15,mice,https://media.steelseriescdn.com/thumbs/filer_public/11/64/11647905-794d-42e4-a8e1-261844b589bd/buyimg_prime_mini_wl_001.jpg__1850x800_q100_crop-scale_optimize_subsampling-2.jpg,https://media.steelseriescdn.com/thumbs/filer_public/11/39/11394dcd-d5d1-40a3-b0a3-a7cce95748d9/buyimg_prime_mini_wl_004.jpg__1850x800_q100_crop-scale_optimize_subsampling-2.jpg,https://media.steelseriescdn.com/thumbs/filer_public/72/ec/72ec6590-39d6-40a9-90ad-ca40e023c005/buyimg_prime_mini_wl_006.png__1850x800_q100_crop-scale_optimize_subsampling-2.png,https://media.steelseriescdn.com/thumbs/filer_public/31/c0/31c04edf-e9ba-42ad-99e5-5379f7292fc8/buyimg_prime_mini_wl_007.png__1850x800_q100_crop-scale_optimize_subsampling-2.png
SteelSeries Prime Mini,SteelSeries,Smaller. Lighter. All Performance.,59.99,15,mice,https://media.steelseriescdn.com/thumbs/filer_public/e5/4c/e54cb441-ed96-4cfa-9497-f5d3d44e98fd/buyimg_prime_mini_001.jpg__1850x800_q100_crop-scale_optimize_subsampling-2.jpg,https://media.steelseriescdn.com/thumbs/filer_public/0b/1a/0b1aeefa-18be-4a42-8bf7-8e88774534f3/buyimg_prime_mini_004.jpg__1850x800_q100_crop-scale_optimize_subsampling-2.jpg,https://media.steelseriescdn.com/thumbs/filer_public/53/3f/533ffeee-f06d-4839-9ec4-7fa252cbbfec/buyimg_prime_mini_006.png__1850x800_q100_crop-scale_optimize_subsampling-2.png,https://media.steelseriescdn.com/thumbs/filer_public/26/11/26116fe3-b3e4-47dd-bb9c-a120ea9e5107/buyimg_prime_mini_007.png__1850x800_q100_crop-scale_optimize_subsampling-2.png
SteelSeries Rival 650 Wireless,SteelSeries,The First True Performance Wireless Mouse,119.99,15,mice,https://media.steelseriescdn.com/thumbs/filer_public/4a/e0/4ae04133-94a5-4a56-a408-943a60c8a21e/650wl_web_001.jpg__1850x800_q100_crop-scale_optimize_subsampling-2.jpg,https://media.steelseriescdn.com/thumbs/filer_public/79/38/793810c0-be38-4840-ab60-0657e7ecd973/purchase-gallery-650wl-top.png__1850x800_q100_crop-scale_optimize_subsampling-2.png,https://media.steelseriescdn.com/thumbs/filer_public/bd/28/bd280393-ef10-4e52-a1fa-1a257ee67777/650wl_web_002.jpg__1850x800_q100_crop-scale_optimize_subsampling-2.jpg,https://media.steelseriescdn.com/thumbs/filer_public/45/43/45438f12-e793-4473-9b5e-38a8c56c72c6/r650_box-content-02.jpg__1850x800_q100_crop-scale_optimize_subsampling-2.jpg
SteelSeries Sensei Ten,SteelSeries,All-new TrueMove Pro sensor with the best tracking on any surface,69.99,15,mice,https://media.steelseriescdn.com/thumbs/filer_public/ca/8b/ca8b9bfc-a8be-4440-9761-9e3e0a97fd47/buyimg_senseiten_001.jpg__1850x800_q100_crop-scale_optimize_subsampling-2.jpg,https://media.steelseriescdn.com/thumbs/filer_public/07/f0/07f0bb7b-904a-4ed6-9e69-85462ded0849/buyimg_senseiten_002.jpg__1850x800_q100_crop-scale_optimize_subsampling-2.jpg,https://media.steelseriescdn.com/thumbs/filer_public/30/93/3093e643-f6a3-42f7-b4d5-80cfef79331a/buyimg_senseiten_005.png__1850x800_q100_crop-scale_optimize_subsampling-2.png,https://media.steelseriescdn.com/thumbs/filer_public/df/02/df025f59-e317-4a6d-b689-75de9c59119a/buyimg_senseiten_006.png__1850x800_q100_crop-scale_optimize_subsampling-2.png
SteelSeries Apex Pro Mini Wireless,SteelSeries,World's fastest OmniPoint 2.0 adjustable switches with 11x quicker response and 10x swifter actuation,239.99,20,keyboard,https://media.steelseriescdn.com/thumbs/filer_public/3a/21/3a217cc4-5df7-4ada-8d14-fef6ce880296/apex_pro_mini_imgbuy_karrigan.png__1850x800_q100_crop-scale_optimize_subsampling-2.jpg,https://media.steelseriescdn.com/thumbs/filer_public/4c/5b/4c5bf3dd-89f6-4212-829c-4243bec6c1f7/apex_pro_mini_imgbuy_2.png__1850x800_q100_crop-scale_optimize_subsampling-2.jpg,https://media.steelseriescdn.com/thumbs/filer_public/0b/49/0b493bf8-515e-4fb1-bd02-96a7a6f47f48/apex_pro_mini_imgbuy_3.png__1850x800_q100_crop-scale_optimize_subsampling-2.png,https://media.steelseriescdn.com/thumbs/filer_public/ab/bd/abbd139a-f924-44c8-9d54-8ba51f77d6e9/apex_pro_mini_imgbuy_4.png__1850x800_q100_crop-scale_optimize_subsampling-2.png
SteelSeries Apex Pro Mini,SteelSeries,World's fastest OmniPoint 2.0 adjustable switches with 11x quicker response and 10x swifter actuation,179.99,15,keyboard,https://media.steelseriescdn.com/thumbs/filer_public/b0/60/b0601d63-b264-4c05-9608-0d6494560a52/apex_pro_mini_imgbuy_1.png__1850x800_q100_crop-scale_optimize_subsampling-2.jpg,https://media.steelseriescdn.com/thumbs/filer_public/a6/38/a638c92d-2896-4dc6-bf2b-997a1fb92cea/apex_pro_mini_imgbuy_3.png__1850x800_q100_crop-scale_optimize_subsampling-2.png,https://media.steelseriescdn.com/thumbs/filer_public/56/54/56544651-79fa-4665-a4b9-f5f73098c1d1/apex_pro_mini_imgbuy_4.png__1850x800_q100_crop-scale_optimize_subsampling-2.png,https://media.steelseriescdn.com/thumbs/filer_public/87/c2/87c28481-a759-4e58-87bb-54a219378a81/apex_pro_mini_imgbuy_5.png__1850x800_q100_crop-scale_optimize_subsampling-2.png
SteelSeries Apex Pro,SteelSeries,The Next Leap in Mechanical Keyboards,199.99,20,keyboard,https://media.steelseriescdn.com/thumbs/filer_public/47/4f/474f9d59-477d-4848-8474-439945debba7/buyimg_apexpro_001.jpg__1850x800_q100_crop-scale_optimize_subsampling-2.jpg,https://media.steelseriescdn.com/thumbs/filer_public/df/a8/dfa81646-f4af-4a40-8c01-fec13488d1fc/buyimg_apexpro_006_us.png__1850x800_q100_crop-scale_optimize_subsampling-2.png,https://media.steelseriescdn.com/thumbs/filer_public/64/84/6484ce5f-0df9-4bf1-8bdb-2da1da8e4f40/buyimg_apexpro_005.png__1850x800_q100_crop-scale_optimize_subsampling-2.png,https://media.steelseriescdn.com/thumbs/filer_public/e4/8a/e48a0e84-08c7-456b-90df-1198b602ee2b/buyimg_apexpro_003.jpg__1850x800_q100_crop-scale_optimize_subsampling-2.jpg
SteelSeries Apex Pro TKL,SteelSeries,The Next Leap in Mechanical Keyboards,179.99,20,keyboard,https://media.steelseriescdn.com/thumbs/filer_public/17/44/17448271-50f6-43d2-b6d2-503b5c8ecd05/buyimg_apexprotkl_001_mar21.jpg__1850x800_q100_crop-scale_optimize_subsampling-2.jpg,https://media.steelseriescdn.com/thumbs/filer_public/98/5c/985c9507-abf2-45d7-b530-bba5d30006dc/buyimg_apexprotkl_006_us.png__1850x800_q100_crop-scale_optimize_subsampling-2.png,https://media.steelseriescdn.com/thumbs/filer_public/3b/3a/3b3aa318-5336-42fd-a36a-e4fb5b96c4ef/buyimg_apexprotkl_005.png__1850x800_q100_crop-scale_optimize_subsampling-2.png,https://media.steelseriescdn.com/thumbs/filer_public/42/a0/42a017b6-c43c-4ca4-ad72-9f58e9bb8826/buyimg_apexprotkl_004_mar21.jpg__1850x800_q100_crop-scale_optimize_subsampling-2.jpg
SteelSeries Apex 7 TKL,SteelSeries,OLED Smart Display delivers information straight from games and apps,129.99,15,keyboard,https://media.steelseriescdn.com/thumbs/filer_public/0d/23/0d23e446-7d02-4092-bf2a-7263fd0ae0b3/buyimg_apex7tkl_001-v2.jpg__1850x800_q100_crop-scale_optimize_subsampling-2.jpg,https://media.steelseriescdn.com/thumbs/filer_public/ca/59/ca59a8eb-5ca5-4f3f-b2bd-0780f3acbba5/buyimg_apex7tkl_003.jpg__1850x800_q100_crop-scale_optimize_subsampling-2.jpg,https://media.steelseriescdn.com/thumbs/filer_public/ea/dd/eaddae15-2362-4788-aca8-43b23c591773/buyimg_apex7tkl_006_us.png__1850x800_q100_crop-scale_optimize_subsampling-2.png,https://media.steelseriescdn.com/thumbs/filer_public/d1/6f/d16f3d11-38a6-4d9f-9f73-b13f1601614d/buyimg_apex7tkl_004.jpg__1850x800_q100_crop-scale_optimize_subsampling-2.jpg
Corsair K70 RGB Pro,Corsair,"The CORSAIR K70 RGB PRO Mechanical Gaming Keyboard delivers an iconic aluminum frame and even better performance, powered by CORSAIR AXON Hyper-Processing Technology.",179.99,15,keyboard,https://www.corsair.com/medias/sys_master/images/images/h56/h87/9955049570334/CH-9109414-NA/Gallery/K70_RGB_PRO_PBT_01/-CH-9109414-NA-Gallery-K70-RGB-PRO-PBT-01.png_1200Wx1200H,https://www.corsair.com/medias/sys_master/images/images/hf9/hc0/9955041706014/CH-9109414-NA/Gallery/K70_RGB_PRO_PBT_10/-CH-9109414-NA-Gallery-K70-RGB-PRO-PBT-10.png_1200Wx1200H,https://www.corsair.com/medias/sys_master/images/images/he1/h74/9950913265694/k70-rgb-pro-pbt-config/Gallery/K70_RGB_PRO_PBT_30/-k70-rgb-pro-pbt-config-Gallery-K70-RGB-PRO-PBT-30.png_1200Wx1200H,https://www.corsair.com/medias/sys_master/images/images/hbb/hd7/9950914052126/k70-rgb-pro-pbt-config/Gallery/K70_RGB_PRO_PBT_26/-k70-rgb-pro-pbt-config-Gallery-K70-RGB-PRO-PBT-26.png_1200Wx1200H
Corsair K55 RGB Pro,Corsair,The CORSAIR K55 RGB PRO Gaming Keyboard lights up your desktop with five-zone dynamic RGB backlighting and powers up your gameplay with six dedicated macro keys.,59.99,15,keyboard,https://www.corsair.com/medias/sys_master/images/images/hc7/hb8/9882677018654/CH-9226765-NA/Gallery/K55_RGB_PRO_01/-CH-9226765-NA-Gallery-K55-RGB-PRO-01.png_1200Wx1200H,https://www.corsair.com/medias/sys_master/images/images/hbc/h3a/9882620002334/CH-9226765-NA/Gallery/K55_RGB_PRO_07/-CH-9226765-NA-Gallery-K55-RGB-PRO-07.png_1200Wx1200H,https://www.corsair.com/medias/sys_master/images/images/h4f/hac/9882745438238/CH-9226765-NA/Gallery/K55_RGB_PRO_10/-CH-9226765-NA-Gallery-K55-RGB-PRO-10.png_1200Wx1200H,https://www.corsair.com/medias/sys_master/images/images/h39/hcd/9882694713374/CH-9226765-NA/Gallery/K55_RGB_PRO_16/-CH-9226765-NA-Gallery-K55-RGB-PRO-16.png_1200Wx1200H
Corsair K70 RGB MK.2 SE,Corsair,"The CORSAIR K70 RGB MK.2 SE is a premium mechanical gaming keyboard built to last, with silver aluminum frame, CHERRY® MX Speed keyswitches, white PBT double-shot keycaps and stunning per-key RGB dynamic backlighting.",179.99,15,keyboard,https://www.corsair.com/medias/sys_master/images/images/h00/h41/9112656445470/-CH-9109114-NA-Gallery-K70-RGB-MK2-SE-01.png,https://www.corsair.com/medias/sys_master/images/images/h83/hd2/9112655265822/-CH-9109114-NA-Gallery-K70-RGB-MK2-SE-02.png,https://www.corsair.com/medias/sys_master/images/images/h1d/h75/9112654413854/-CH-9109114-NA-Gallery-K70-RGB-MK2-SE-04.png,https://www.corsair.com/medias/sys_master/images/images/hb8/hd2/9112656576542/-CH-9109114-NA-Gallery-K70-RGB-MK2-SE-07.png
Corsair K95 RGB Platinum SE,Corsair,"The CORSAIR K95 RGB PLATINUM SE Mechanical Gaming Keyboard features gorgeous gold accenting, immerses your desktop in dynamic per-key RGB backlighting, and offers six dedicated macro keys to improve your game.",199.99,15,keyboard,https://www.corsair.com/medias/sys_master/images/images/h9c/h9b/9847184031774/base-k95-plat-se-config/Gallery/K95_RGB_PLATINUM_SE_NA_01/-base-k95-plat-se-config-Gallery-K95-RGB-PLATINUM-SE-NA-01.png_1200Wx1200H,https://www.corsair.com/medias/sys_master/images/images/he9/h3b/9847181672478/base-k95-plat-se-config/Gallery/K95_RGB_PLATINUM_SE_NA_03/-base-k95-plat-se-config-Gallery-K95-RGB-PLATINUM-SE-NA-03.png_1200Wx1200H,https://www.corsair.com/medias/sys_master/images/images/h81/h80/9847184818206/base-k95-plat-se-config/Gallery/K95_RGB_PLATINUM_SE_NA_24/-base-k95-plat-se-config-Gallery-K95-RGB-PLATINUM-SE-NA-24.png_1200Wx1200H,https://www.corsair.com/medias/sys_master/images/images/h22/h91/9847182065694/base-k95-plat-se-config/Gallery/K95_RGB_PLATINUM_SE_NA_38/-base-k95-plat-se-config-Gallery-K95-RGB-PLATINUM-SE-NA-38.png_1200Wx1200H
Corsair K95 RGB Platinum XT,Corsair,"The CORSAIR K95 RGB PLATINUM XT Mechanical Gaming Keyboard immerses your desktop in dynamic per-key RGB backlighting, equipped with a double-shot PBT keycap set and six dedicated macro keys with Elgato Stream Deck software integration.",199.99,15,keyboard,https://www.corsair.com/medias/sys_master/images/images/ha3/h75/9456085925918/-CH-9127414-NA-Gallery-K95-PLATINUM-RGB-XT-01.png,https://www.corsair.com/medias/sys_master/images/images/h4d/h8e/9455988244510/-CH-9127414-NA-Gallery-K95-PLATINUM-RGB-XT-24.png,https://www.corsair.com/medias/sys_master/images/images/h75/h35/9456084746270/-CH-9127414-NA-Gallery-K95-PLATINUM-RGB-XT-27.png,https://www.corsair.com/medias/sys_master/images/images/hff/h13/9456059547678/-CH-9127414-NA-Gallery-K95-PLATINUM-RGB-XT-30.png
Corsair K70 Pro Mini Wireless 60&,Corsair,"The CORSAIR K70 PRO MINI WIRELESS RGB 60% Mechanical Gaming Keyboard is big on both performance and customization, equipped with hyper-fast, sub-1ms SLIPSTREAM WIRELESS and swappable CHERRY MX keyswitches in a portable profile.",179.99,15,keyboard,https://www.corsair.com/medias/sys_master/images/images/h6b/h75/10195590086686/CH-9189014-NA/Gallery/K70_PRO_MINI_WIRELESS_PBT_01/-CH-9189014-NA-Gallery-K70-PRO-MINI-WIRELESS-PBT-01.png_1200Wx1200H,https://www.corsair.com/medias/sys_master/images/images/h34/hf8/10195656966174/CH-9189014-NA/Gallery/K70_PRO_MINI_WIRELESS_PBT_02/-CH-9189014-NA-Gallery-K70-PRO-MINI-WIRELESS-PBT-02.png_1200Wx1200H,https://www.corsair.com/medias/sys_master/images/images/he8/h29/10195569770526/CH-9189014-NA/Gallery/K70_PRO_MINI_WIRELESS_PBT_03/-CH-9189014-NA-Gallery-K70-PRO-MINI-WIRELESS-PBT-03.png_1200Wx1200H,https://www.corsair.com/medias/sys_master/images/images/he2/h42/10195577110558/CH-9189014-NA/Gallery/K70_PRO_MINI_WIRELESS_PBT_07/-CH-9189014-NA-Gallery-K70-PRO-MINI-WIRELESS-PBT-07.png_1200Wx1200H
Corsair VOID RGB Elite Wireless,Corsair,"Immerse yourself in the action with the CORSAIR VOID RGB ELITE Wireless, boasting custom-tuned 50mm neodymium audio drivers, comfortable microfiber mesh fabric with memory foam earpads, and a 2.4GHz wireless connection.",109.99,15,headset,https://www.corsair.com/medias/sys_master/images/images/hae/h3b/9325692452894/-CA-9011201-NA-Gallery-VOID-RGB-ELITE-WIRELESS-CARBON-01.png,https://www.corsair.com/medias/sys_master/images/images/h55/h6e/9325687570462/-CA-9011201-NA-Gallery-VOID-RGB-ELITE-WIRELESS-CARBON-09.png,https://www.corsair.com/medias/sys_master/images/images/h23/h7f/9325913505822/-CA-9011201-NA-Gallery-VOID-RGB-ELITE-WIRELESS-CARBON-11.png,https://www.corsair.com/medias/sys_master/images/images/h19/h96/9325735804958/-CA-9011201-NA-Gallery-VOID-RGB-ELITE-WIRELESS-CARBON-18.png
Corsair Virtuoso RGB Wireless XT,Corsair,"The CORSAIR VIRTUOSO RGB Wireless XT delivers a high-fidelity audio experience, all-day comfort from its premium memory foam earpads, and simultaneous connectivity with hyper-fast SLIPSTREAM WIRELESS and Bluetooth®.",269.99,15,headset,https://www.corsair.com/medias/sys_master/images/images/h54/h03/9788813803550/CA-9011188-NA/Gallery/VIRTUOSO_XT_01/-CA-9011188-NA-Gallery-VIRTUOSO-XT-01.png_1200Wx1200H,https://www.corsair.com/medias/sys_master/images/images/h1f/hb2/9788810264606/CA-9011188-NA/Gallery/VIRTUOSO_XT_12/-CA-9011188-NA-Gallery-VIRTUOSO-XT-12.png_1200Wx1200H,https://www.corsair.com/medias/sys_master/images/images/h9c/h84/9788820095006/CA-9011188-NA/Gallery/VIRTUOSO_XT_15/-CA-9011188-NA-Gallery-VIRTUOSO-XT-15.png_1200Wx1200H,https://www.corsair.com/medias/sys_master/images/images/ha0/h7a/9788812230686/CA-9011188-NA/Gallery/VIRTUOSO_XT_27/-CA-9011188-NA-Gallery-VIRTUOSO-XT-27.png_1200Wx1200H
Corsair HS80 RGB,Corsair,The CORSAIR HS80 RGB USB Gaming Headset delivers incredibly detailed sound through custom-tuned 50mm neodymium audio drivers with Dolby Audio® 7.1 surround sound.,99.99,15,headset,https://www.corsair.com/medias/sys_master/images/images/hfb/h63/10092332613662/base-hs80-rgb-usb-config/Gallery/HS80_RGB_USB_BLACK_01/-base-hs80-rgb-usb-config-Gallery-HS80-RGB-USB-BLACK-01.png_1200Wx1200H,https://www.corsair.com/medias/sys_master/images/images/h33/hb9/10092333006878/base-hs80-rgb-usb-config/Gallery/HS80_RGB_USB_BLACK_10/-base-hs80-rgb-usb-config-Gallery-HS80-RGB-USB-BLACK-10.png_1200Wx1200H,https://www.corsair.com/medias/sys_master/images/images/h21/h01/10092331827230/base-hs80-rgb-usb-config/Gallery/HS80_RGB_USB_BLACK_12/-base-hs80-rgb-usb-config-Gallery-HS80-RGB-USB-BLACK-12.png_1200Wx1200H,https://www.corsair.com/medias/sys_master/images/images/hd5/hc6/10092333400094/base-hs80-rgb-usb-config/Gallery/HS80_RGB_USB_BLACK_14/-base-hs80-rgb-usb-config-Gallery-HS80-RGB-USB-BLACK-14.png_1200Wx1200H
Corsair Virtuoso RGB Wireless SE,Corsair,"The CORSAIR VIRTUOSO RGB Wireless SE delivers a high-fidelity audio experience, all-day comfort from its premium memory foam earpads, and hyper-fast connectivity with SLIPSTREAM WIRELESS technology.",229.99,15,headset,https://www.corsair.com/medias/sys_master/images/images/hab/hce/9312776618014/-CA-9011180-NA-Gallery-VIRTUOSO-SE-01.png,https://www.corsair.com/medias/sys_master/images/images/h7a/h9e/9312765411358/-CA-9011180-NA-Gallery-VIRTUOSO-SE-10.png,https://www.corsair.com/medias/sys_master/images/images/h72/h19/9312769114142/-CA-9011180-NA-Gallery-VIRTUOSO-SE-15.png,https://www.corsair.com/medias/sys_master/images/images/h97/h66/9312770293790/-CA-9011180-NA-Gallery-VIRTUOSO-SE-17.png
Corsair HS70 Pro Wireless,Corsair,"The CORSAIR HS70 PRO WIRELESS Gaming Headset delivers both comfort and quality with memory foam ear pads, custom-tuned 50mm neodymium audio drivers, and low-latency 2.4GHz wireless.",99.99,15,headset,https://www.corsair.com/medias/sys_master/images/images/hf8/hc5/9325604503582/-CA-9011210-NA-Gallery-HS70-PRO-CREAM-01.png,https://www.corsair.com/medias/sys_master/images/images/hb5/hf4/9325653950494/-CA-9011210-NA-Gallery-HS70-PRO-CREAM-16.png,https://www.corsair.com/medias/sys_master/images/images/h62/h20/9325772701726/-CA-9011210-NA-Gallery-HS70-PRO-CREAM-19.png,https://www.corsair.com/medias/sys_master/images/images/hf8/hc5/9325604503582/-CA-9011210-NA-Gallery-HS70-PRO-CREAM-01.png
Corsair HS60 Pro Surround,Corsair,"The CORSAIR HS60 PRO SURROUND Gaming Headset delivers both comfort and quality with memory foam ear pads, custom-tuned 50mm neodymium audio drivers, and a detachable noise-cancelling unidirectional microphone.",69.99,15,headset,https://www.corsair.com/medias/sys_master/images/images/hef/h72/9325786628126/-CA-9011213-NA-Gallery-HS60-PRO-CARBON-01.png,https://www.corsair.com/medias/sys_master/images/images/h7b/h67/9325968883742/-CA-9011213-NA-Gallery-HS60-PRO-CARBON-16.png,https://www.corsair.com/medias/sys_master/images/images/hbf/h9f/9325910655006/-CA-9011213-NA-Gallery-HS60-PRO-CARBON-18.png,https://www.corsair.com/medias/sys_master/images/images/h2a/h1a/9325808418846/-CA-9011213-NA-Gallery-HS60-PRO-CARBON-22.png
Corsair HS80 RGB Wireless,Corsair,"The CORSAIR HS80 RGB WIRELESS Gaming Headset connects with hyper-fast SLIPSTREAM WIRELESS, delivering incredibly detailed sound through custom-tuned 50mm neodymium audio drivers with immersive Dolby Atmos®.",149.99,15,headset,https://www.corsair.com/medias/sys_master/images/images/h26/hf7/9839640248350/CA-9011235-NA/Gallery/HS80_RGB_WIRELESS_BLACK_01/-CA-9011235-NA-Gallery-HS80-RGB-WIRELESS-BLACK-01.png_1200Wx1200H,https://www.corsair.com/medias/sys_master/images/images/h6f/hc1/9843594362910/CA-9011235-NA/Gallery/HS80_RGB_WIRELESS_BLACK_07/-CA-9011235-NA-Gallery-HS80-RGB-WIRELESS-BLACK-07.png_1200Wx1200H,https://www.corsair.com/medias/sys_master/images/images/h08/h50/9839635922974/CA-9011235-NA/Gallery/HS80_RGB_WIRELESS_BLACK_12/-CA-9011235-NA-Gallery-HS80-RGB-WIRELESS-BLACK-12.png_1200Wx1200H,https://www.corsair.com/medias/sys_master/images/images/h7d/hba/9839628845086/CA-9011235-NA/Gallery/HS80_RGB_WIRELESS_BLACK_13/-CA-9011235-NA-Gallery-HS80-RGB-WIRELESS-BLACK-13.png_1200Wx1200H
Corsair Harpoon RGB Pro,Corsair,"The CORSAIR HARPOON RGB PRO gaming mouse sports a comfortable contoured shape, a 12,000 dpi sensor, and weighs an incredibly light 85g for endless hours of effortless gaming.",34.99,15,mice,https://www.corsair.com/medias/sys_master/images/images/h4e/he0/9211674853406/-CH-9301111-NA-Gallery-Harpoon-RGB-PRO-01.png,https://www.corsair.com/medias/sys_master/images/images/hc4/hab/9211673804830/-CH-9301111-NA-Gallery-Harpoon-RGB-PRO-11.png,https://www.corsair.com/medias/sys_master/images/images/hd5/h5f/9211672952862/-CH-9301111-NA-Gallery-HARPOON-RGB-PRO-15.png,https://www.corsair.com/medias/sys_master/images/images/h0b/h4b/9211678392350/-CH-9301111-NA-Gallery-HARPOON-RGB-PRO-18.png
Corsair Katar Pro Wireless,Corsair,"Experience lightweight design and heavyweight performance with the CORSAIR KATAR PRO WIRELESS Gaming Mouse, connecting via hyper-fast SLIPSTREAM WIRELESS or low-latency Bluetooth®. Weighing in at just 96g, its compact symmetric shape is suitable for both claw and fingertip grip styles.",49.99,15,mice,https://www.corsair.com/medias/sys_master/images/images/h72/h22/9591321657374/base-katar-pro-wireless-config/Gallery/KATAR_PRO_WIRELESS_01/-base-katar-pro-wireless-config-Gallery-KATAR-PRO-WIRELESS-01.png_1200Wx1200H,https://www.corsair.com/medias/sys_master/images/images/h54/h7e/9591325589534/base-katar-pro-wireless-config/Gallery/KATAR_PRO_WIRELESS_22/-base-katar-pro-wireless-config-Gallery-KATAR-PRO-WIRELESS-22.png_1200Wx1200H,https://www.corsair.com/medias/sys_master/images/images/hc5/h1a/9591313793054/base-katar-pro-wireless-config/Gallery/KATAR_PRO_WIRELESS_23/-base-katar-pro-wireless-config-Gallery-KATAR-PRO-WIRELESS-23.png_1200Wx1200H,https://www.corsair.com/medias/sys_master/images/images/hd9/h32/9591322050590/base-katar-pro-wireless-config/Gallery/KATAR_PRO_WIRELESS_28/-base-katar-pro-wireless-config-Gallery-KATAR-PRO-WIRELESS-28.png_1200Wx1200H
Corsair M65 RGB Ultra Wireless,Corsair,"Make all your clicks count with the CORSAIR M65 RGB ULTRA WIRELESS Tunable Gaming Mouse, boasting a durable aluminum frame and a 26,000 DPI MARKSMAN optical sensor",69.99,15,mice,https://www.corsair.com/medias/sys_master/images/images/h6f/h59/9877536505886/base-m65-rgb-ultra-config/Gallery/M65_RGB_ULTRA_01/-base-m65-rgb-ultra-config-Gallery-M65-RGB-ULTRA-01.png_1200Wx1200H,https://www.corsair.com/medias/sys_master/images/images/he1/hd6/9877477457950/base-m65-rgb-ultra-config/Gallery/M65_RGB_ULTRA_09/-base-m65-rgb-ultra-config-Gallery-M65-RGB-ULTRA-09.png_1200Wx1200H,https://www.corsair.com/medias/sys_master/images/images/ha7/h8f/9877500592158/base-m65-rgb-ultra-config/Gallery/M65_RGB_ULTRA_10/-base-m65-rgb-ultra-config-Gallery-M65-RGB-ULTRA-10.png_1200Wx1200H,https://www.corsair.com/medias/sys_master/images/images/h84/h6a/9877495087134/base-m65-rgb-ultra-config/Gallery/M65_RGB_ULTRA_14/-base-m65-rgb-ultra-config-Gallery-M65-RGB-ULTRA-14.png_1200Wx1200H
Corsair M55 RGB Pro,Corsair,"The CORSAIR M55 RGB PRO Gaming Mouse offers game-winning versatility with an ambidextrous design that fits any grip or hand, and a highly precise 12,400 DPI optical sensor.",39.99,15,mice,https://www.corsair.com/medias/sys_master/images/images/h80/h26/9236962869278/-CH-9308011-NA-Gallery-M55-RGB-PRO-BLACK-01.png,https://www.corsair.com/medias/sys_master/images/images/h9a/h97/9236957233182/-CH-9308011-NA-Gallery-M55-RGB-PRO-BLACK-10.png,https://www.corsair.com/medias/sys_master/images/images/h70/haf/9236958871582/-CH-9308011-NA-Gallery-M55-RGB-PRO-BLACK-11.png,https://www.corsair.com/medias/sys_master/images/images/h69/h99/9236708589598/-CH-9308011-NA-Gallery-M55-RGB-PRO-BLACK-15.png
Corsair Scimitar RGB Elite ,Corsair,"The SCIMITAR RGB ELITE levels up your gameplay with 17 fully programmable buttons, a patented Key Slider™ control system, and an 18,000 DPI optical sensor.",79.99,15,mice,https://www.corsair.com/medias/sys_master/images/images/h1c/h8a/9442445295646/-CH-9304211-NA-Gallery-Scimitar-ELITE-BLK-01.png,https://www.corsair.com/medias/sys_master/images/images/h29/hf0/9442408136734/-CH-9304211-NA-Gallery-Scimitar-ELITE-BLK-13.png,https://www.corsair.com/medias/sys_master/images/images/hb1/hb7/9442442149918/-CH-9304211-NA-Gallery-Scimitar-ELITE-BLK-16.png,https://www.corsair.com/medias/sys_master/images/images/hc3/hde/9442416853022/-CH-9304211-NA-Gallery-Scimitar-ELITE-BLK-17.png
Corsair Nightsword RGB,Corsair,"The CORSAIR NIGHTSWORD RGB Performance Tunable Gaming Mouse is equipped with a cutting-edge 18,000 DPI optical sensor, sophisticated weight calibration and a real-time center of gravity detection system.",89.99,15,mice,https://www.corsair.com/medias/sys_master/images/images/h0c/h29/9246076633118/-CH-9306011-NA-Gallery-NIGHTSWORD-RGB-01.png,https://www.corsair.com/medias/sys_master/images/images/h45/h75/9246086987806/-CH-9306011-NA-Gallery-NIGHTSWORD-RGB-10.png,https://www.corsair.com/medias/sys_master/images/images/h3d/h84/9246089216030/-CH-9306011-NA-Gallery-NIGHTSWORD-RGB-15.png,https://www.corsair.com/medias/sys_master/images/images/h57/h1f/9246084628510/-CH-9306011-NA-Gallery-NIGHTSWORD-RGB-16.png
Corsair Ironclaw RGB Wireless,Corsair,"The CORSAIR IRONCLAW RGB WIRELESS Gaming Mouse combines a native 18,000 DPI optical sensor with a comfortable palm grip, connecting to your PC via hyper-fast, sub-1ms SLIPSTREAM CORSAIR WIRELESS TECHNOLOGY, Bluetooth or USB wired connection.",79.99,15,mice,https://www.corsair.com/medias/sys_master/images/images/h2f/h71/9212227518494/-CH-9317011-NA-Gallery-IRONCLAW-RGB-WIRELESS-01.png,https://www.corsair.com/medias/sys_master/images/images/h15/he9/9212359507998/-CH-9317011-NA-Gallery-IRONCLAW-RGB-WIRELESS-12.png,https://www.corsair.com/medias/sys_master/images/images/hfc/hdf/9212360097822/-CH-9317011-NA-Gallery-IRONCLAW-RGB-WIRELESS-13.png,https://www.corsair.com/medias/sys_master/images/images/hb7/h0f/9212365799454/-CH-9317011-NA-Gallery-IRONCLAW-RGB-WIRELESS-34.png
Corsair Scimitar Pro RGB,Corsair,"The SCIMITAR PRO RGB gaming mouse advances your game with the customizable Key Slider™ macro button control system, a native 16000 DPI.",79.99,15,mice,https://www.corsair.com/medias/sys_master/images/images/hf3/he8/9111048749086/-CH-9304111-NA-Gallery-Scimitar-PRO-BLK-01.png,https://www.corsair.com/medias/sys_master/images/images/h42/h93/9111324098590/-CH-9304111-NA-Gallery-Scimitar-PRO-BLK-04.png,https://www.corsair.com/medias/sys_master/images/images/hba/hb0/9110522626078/-CH-9304111-NA-Gallery-Scimitar-PRO-BLK-07.png,https://www.corsair.com/medias/sys_master/images/images/h35/h38/9110817341470/-CH-9304111-NA-Gallery-Scimitar-PRO-BLK-10.png
Corsair Katar Pro XT,Corsair,"Experience lightweight design and heavy-weight performance with the CORSAIR KATAR PRO XT Ultra-Light Gaming Mouse, weighing in at just 73g with a compact symmetric shape and a high-precision 18,000 DPI optical sensor.",34.99,15,mice,https://www.corsair.com/medias/sys_master/images/images/h08/h9f/9653707997214/base-katar-pro-xt-config/Gallery/KATAR_PRO_XT_01/-base-katar-pro-xt-config-Gallery-KATAR-PRO-XT-01.png_1200Wx1200H,https://www.corsair.com/medias/sys_master/images/images/h62/h5a/9653700362270/base-katar-pro-xt-config/Gallery/KATAR_PRO_XT_18/-base-katar-pro-xt-config-Gallery-KATAR-PRO-XT-18.png_1200Wx1200H,https://www.corsair.com/medias/sys_master/images/images/h18/h51/9653390344222/base-katar-pro-xt-config/Gallery/KATAR_PRO_XT_22/-base-katar-pro-xt-config-Gallery-KATAR-PRO-XT-22.png_1200Wx1200H,https://www.corsair.com/medias/sys_master/images/images/h92/h23/9653701935134/base-katar-pro-xt-config/Gallery/KATAR_PRO_XT_25/-base-katar-pro-xt-config-Gallery-KATAR-PRO-XT-25.png_1200Wx1200H
Logitech G705,Logitech G,"From the Aurora Collection, G705 Wireless Gaming Mouse is contoured for comfort and control with an intentional design to be inclusive of smaller hands. Features gaming-grade LIGHTSPEED wireless, LIGHTSYNC RGB, and advanced gaming technology.",99.99,15,mice,https://m.media-amazon.com/images/I/51fMkClnneL._AC_SX679_.jpg,https://m.media-amazon.com/images/I/51bTRq75o-L._AC_SL1500_.jpg,https://m.media-amazon.com/images/I/61K1nw2JxBL._AC_SL1500_.jpg,https://m.media-amazon.com/images/I/61Sqc5yOMOL._AC_SL1500_.jpg
Logitech Pro X Superlight,Logitech G,Less than 63 grams. Advanced low-latency LIGHTSPEED wireless. Sub-micron precision with HERO 25K sensor. Remove all obstacles with our lightest and fastest PRO mouse ever.,159.99,15,mice,https://m.media-amazon.com/images/I/51YP4tgfC7L._AC_SL1500_.jpg,https://m.media-amazon.com/images/I/612txEs5TGL._AC_SL1500_.jpg,https://m.media-amazon.com/images/I/61jdlwBEv2L._AC_SL1500_.jpg,https://m.media-amazon.com/images/I/61ktVmjRUUL._AC_SL1500_.jpg
Logitech G303 Shroud Edition,Logitech G,"Aim higher with a remastered iconic mouse. Designed in collaboration with Shroud and matched to his specs. LIGHTSPEED wireless, HERO 25K Sensor, and an incredible 145 gaming-hour battery life.",129.99,15,mice,https://pisces.bbystatic.com/image2/BestBuy_US/images/products/6483/6483378_sd.jpg;maxHeight=640;maxWidth=550,https://pisces.bbystatic.com/image2/BestBuy_US/images/products/6483/6483378cv12d.jpg,https://pisces.bbystatic.com/image2/BestBuy_US/images/products/6483/6483378cv13d.jpg,https://pisces.bbystatic.com/image2/BestBuy_US/images/products/6483/6483378cv14d.jpg
Logitech G403,Logitech G,"Designed for comfort, G403 is contoured with rubber grips for added control. HERO 25K sensor lets you track at sub-micron level. Full-spectrum LIGHTSYNC RGB and 6 programmable buttons puts you in control.",69.99,15,mice,https://m.media-amazon.com/images/I/41tC5R+7b7L._AC_SL1000_.jpg,https://m.media-amazon.com/images/I/51QtDtsLgzL._AC_SL1000_.jpg,https://m.media-amazon.com/images/I/41rLUKJ3rZL._AC_SL1000_.jpg,https://m.media-amazon.com/images/I/41I8irEmjbL._AC_SL1000_.jpg
Logitech G703,Logitech G,Featuring the advanced HERO 25K gaming sensor for sub-micron tracking and 10x power efficiency over previous generation. Pro-grade LIGHTSPEED wireless delivers ultralow-latency for peak performance.,99.99,15,mice,https://m.media-amazon.com/images/I/719efVQ1tJL._AC_SL1500_.jpg,https://m.media-amazon.com/images/I/61HGAhl2p9L._AC_SL1500_.jpg,https://m.media-amazon.com/images/I/71GcJr3h9VL._AC_SL1500_.jpg,https://m.media-amazon.com/images/I/71q2IdmLX1L._AC_SL1500_.jpg
Logitech G203,Logitech G,"Make the most of play time with G203—a gaming mouse in a variety of vibrant colors. With LIGHTSYNC technology, a gaming-grade sensor and a classic 6-button design, you’ll light up your game and your desk",39.99,15,mice,https://m.media-amazon.com/images/I/61UxfXTUyvL._AC_SL1500_.jpg,https://m.media-amazon.com/images/I/613wbTYVXDL._AC_SL1500_.jpg,https://m.media-amazon.com/images/I/61n1rC7oOnL._AC_SL1500_.jpg,https://m.media-amazon.com/images/I/61zEIvi6GOL._AC_SL1500_.jpg
Logitech Pro,Logitech G,"Logitech G collaborated with more than 50 pro players to find the perfect shape, weight and feel combined with LIGHTSPEED wireless and HERO 25K sensor. The result: is one of the most popular mice in esports.",129.99,15,mice,https://m.media-amazon.com/images/I/51ySu55JzAL._AC_SL1500_.jpg,https://m.media-amazon.com/images/I/71eNLCvCHmL._AC_SL1500_.jpg,https://m.media-amazon.com/images/I/61o8vCjFk7L._AC_SL1500_.jpg,https://m.media-amazon.com/images/I/61+8uWzdSlL._AC_SL1500_.jpg
Logitech G502 Hero,Logitech G,"Engineered for advanced gaming performance. G502 HERO features HERO 25K gaming sensor with sub-micron precision tracking, customizable LIGHTSYNC RGB, onboard profiles, repositionable weights and more.",79.99,15,mice,https://m.media-amazon.com/images/I/61mpMH5TzkL._AC_SL1500_.jpg,https://m.media-amazon.com/images/I/61vThyaOrHL._AC_SL1500_.jpg,https://m.media-amazon.com/images/I/612np2rcdBL._AC_SL1500_.jpg,https://m.media-amazon.com/images/I/61Z49vScNSL._AC_SL1500_.jpg
Logitech G502,Logitech G,"Iconic G502 design meets pro-grade LIGHTSPEED wireless for ultra-fast, reliable connectivity. HERO 25K sensor features sub-micron tracking. POWERPLAY compatible for continuous charging both at rest and play.",149.99,15,mice,https://pisces.bbystatic.com/image2/BestBuy_US/images/products/6333/6333841_sd.jpg;maxHeight=640;maxWidth=550,https://pisces.bbystatic.com/image2/BestBuy_US/images/products/6333/6333841cv11d.jpg,https://pisces.bbystatic.com/image2/BestBuy_US/images/products/6333/6333841cv14d.jpg,https://pisces.bbystatic.com/image2/BestBuy_US/images/products/6333/6333841cv19d.jpg
Logitech G903,Logitech G,Ultimate gaming mouse. Ultralow-latency LIGHTSPEED wireless. HERO 25K sensor achieves sub-micron tracking. Ambidextrous design. Hyper-fast scrollwheel. POWERPLAY compatible for continuous wireless charging.,149.99,15,mice,https://m.media-amazon.com/images/I/81N9TeedXaL._AC_SL1500_.jpg,https://m.media-amazon.com/images/I/71ZhJl2+l9L._AC_SL1500_.jpg,https://m.media-amazon.com/images/I/715Ed0T5QuL._AC_SL1500_.jpg,https://m.media-amazon.com/images/I/81+hc8KyFGL._AC_SL1500_.jpg
Logitech G535 Wireless,Logitech G,"Enjoy ultrafast LIGHTSPEED wireless performance. Play free from wires and in total comfort for long gaming sessions. Fully equipped with 40 mm drivers, Discord Certification and more.",129.99,15,headset,https://m.media-amazon.com/images/I/81Q5bOpJw+L._AC_SL1500_.jpg,https://m.media-amazon.com/images/I/71IT3gaFroL._AC_SL1500_.jpg,https://m.media-amazon.com/images/I/912ZSJRW2QL._AC_SL1500_.jpg,https://m.media-amazon.com/images/I/81jix6F5FbL._AC_SL1500_.jpg
Logitech G335,Logitech G,"A lightweight, cool wired headset made with a suspension headband design with an adjustable strap for a custom fit. Easy plug-and-play and built-in controls. Just pick a color to match your awesome style.",69.99,15,headset,https://m.media-amazon.com/images/I/71QEWj+ioXS._AC_SL1500_.jpg,https://m.media-amazon.com/images/I/71Iu-tnU62S._AC_SL1500_.jpg,https://m.media-amazon.com/images/I/71HnljSsJ3S._AC_SL1500_.jpg,https://m.media-amazon.com/images/I/71f69DKPpGS._AC_SL1500_.jpg
Logitech G735,Logitech G,"From the Aurora Collection, G735 maximizes comfort and fit for all gamers inclusive of smaller head sizes. Play cozy with cloud-soft headband and rotatable ear cups. It’s perfect for PC and mobile devices with LIGHTSPEED and Bluetooth® wireless. Comes in White Mist. Colorway accessories sold separately.",229.99,15,headset,https://m.media-amazon.com/images/I/61Z3hkmB3nL._AC_SL1500_.jpg,https://m.media-amazon.com/images/I/61gxRnvcGbL._AC_SL1500_.jpg,https://m.media-amazon.com/images/I/61YHIEX-nTL._AC_SL1500_.jpg,https://m.media-amazon.com/images/I/61nnBlKlOqL._AC_SL1500_.jpg
Logitech Pro X Gaming Headset,Logitech G,Designed with and for pros. Next-gen 7.1 surround sound and PRO-G 50 mm drivers ensure premium gaming audio. Mic sounds amazing with external USB sound card featuring Blue VO!CE broadcast filters.,129.99,15,headset,https://m.media-amazon.com/images/I/51j6CXF9DYL._AC_SL1000_.jpg,https://m.media-amazon.com/images/I/71Bck568V7L._AC_SL1500_.jpg,https://m.media-amazon.com/images/I/71WOiueftVL._AC_SL1500_.jpg,https://m.media-amazon.com/images/I/61Gk2mJ0-lL._AC_SL1500_.jpg
Logitech G935,Logitech G,"50 mm PRO-G audio drivers and DTS Headphone:X 2.01 create expansive, detailed and immersive soundscapes. Fully customizable with G HUB—from LIGHTSYNC RGB lighting to G-keys to audio preferences. 1 DTS Headphone:X 2.0 surround sound and EQ presets are only available for Windows®OS and requires Logitech G HUB gaming software.",169.99,15,headset,https://m.media-amazon.com/images/I/71FkbQzfOYL._AC_SL1500_.jpg,https://m.media-amazon.com/images/I/612rABH1sLL._AC_SL1500_.jpg,https://m.media-amazon.com/images/I/71fZKQ8wYwL._AC_SL1500_.jpg,https://m.media-amazon.com/images/I/71n5PCjxrJL._AC_SL1500_.jpg
Logitech Pro Headset,Logitech G,"Designed with and for pros. Featuring next-gen 7.1 surround sound, 50 mm PRO-G drivers, 6 mm PRO boom mic and pro-tuned audio EQ profiles available via G HUB gaming software.",99.99,15,headset,https://m.media-amazon.com/images/I/51PJFzBTASL._AC_SL1000_.jpg,https://m.media-amazon.com/images/I/61p7ChbqOxL._AC_SL1000_.jpg,https://m.media-amazon.com/images/I/51VWU+KkkmL._AC_SL1000_.jpg,https://m.media-amazon.com/images/I/51nqoYGfx3L._AC_SL1000_.jpg
Logitech G433,Logitech G,"Lightweight, durable, comfortable style. Enjoy crystal clear sound and voice comms with PRO-G 40 mm drivers and next-gen surround sound. G433 is Discord certified for optimum audio performance.",99.99,15,headset,https://m.media-amazon.com/images/I/71NpexEi3pL._AC_SL1500_.jpg,https://m.media-amazon.com/images/I/71wxCHSIBWL._AC_SL1500_.jpg,https://m.media-amazon.com/images/I/717V5JYajiL._AC_SL1500_.jpg,https://m.media-amazon.com/images/I/71zQz5B8hcL._AC_SL1500_.jpg
Logitech Pro X Wireless,Logitech G,"Pro-grade comms and precision you need to win thanks to PRO-G 50 mm drivers, next-gen surround sound, and BLUE VO!CE. All with the freedom and mobility of advanced LIGHTSPEED wireless.",229.99,15,headset,https://m.media-amazon.com/images/I/71yqoFp54WS._AC_SL1500_.jpg,https://m.media-amazon.com/images/I/61czbp6xVtS._AC_SL1500_.jpg,https://m.media-amazon.com/images/I/71FwtKwHGwS._AC_SL1500_.jpg,https://m.media-amazon.com/images/I/71jiSchNzCS._AC_SL1500_.jpg
Logitech G635,Logitech G,"50 mm PRO-G audio drivers and DTS Headphone:X 2.01 create expansive, detailed and immersive soundscapes. Fully customizable with G HUB—from LIGHTSYNC RGB lighting to G-keys to audio preferences. 1 DTS Headphone:X 2.0 surround sound and EQ presets are only available for Windows® OS and requires Logitech G HUB gaming software.",139.99,15,headset,https://m.media-amazon.com/images/I/71V7EV7lkzL._AC_SL1500_.jpg,https://m.media-amazon.com/images/I/71y2sWzI7FL._AC_SL1500_.jpg,https://m.media-amazon.com/images/I/71NZtHbLeWL._AC_SL1500_.jpg,https://m.media-amazon.com/images/I/610hg+b1wrL._AC_SL1500_.jpg
Logitech  G413 SE,Logitech G,From tactile mechanical switches to 6-key rollover anti-ghosting and PBT keycaps—the full-size G413 SE keyboard has the performance and durability required to compete.,79.99,15,keyboard,https://m.media-amazon.com/images/I/61thTSgqWOL._AC_SL1500_.jpg,https://m.media-amazon.com/images/I/61kaes78VjL._AC_SL1500_.jpg,https://m.media-amazon.com/images/I/71zDshI2uqL._AC_SL1500_.jpg,https://m.media-amazon.com/images/I/71UuYCWW5qL._AC_SL1500_.jpg
Logitech G715,Logitech G,"From the Aurora Collection, G715 is a gaming-grade LIGHTSPEED wireless and Bluetooth® keyboard designed for comfort with included cloud-soft palm rest. Fully equipped with RGB lighting and your choice of GX mechanical switches. Comes in White Mist. Colorway accessories sold separately.",199.99,15,keyboard,https://m.media-amazon.com/images/I/61k+rF3rzuL._AC_SL1500_.jpg,https://m.media-amazon.com/images/I/61HiyePVQxL._AC_SL1500_.jpg,https://m.media-amazon.com/images/I/61+2jP7hAqL._AC_SL1500_.jpg,https://m.media-amazon.com/images/I/71SZWWHk0LL._AC_SL1500_.jpg
Logitech G713,Logitech G,"From the Aurora Collection, G713 is a wired, compact TKL keyboard designed for comfort with included cloud-soft palm rest. Fully equipped with ethereal RGB lighting and your choice of GX mechanical switches. Comes in White Mist. Colorway accessories sold separately.",169.99,15,keyboard,https://m.media-amazon.com/images/I/61Q0MVzqVcL._AC_SL1500_.jpg,https://m.media-amazon.com/images/I/61e9co1vwsL._AC_SL1500_.jpg,https://m.media-amazon.com/images/I/61s30+r7HAL._AC_SL1500_.jpg,https://m.media-amazon.com/images/I/61LIhTyjwTL._AC_SL1500_.jpg
Logitech G915 TKL,Logitech G,"A breakthrough in design and engineering. LIGHTSPEED pro-grade wireless, advanced LIGHTSYNC RGB, and pro-grade low-profile mechanical switches. Crafted from premium materials. Available in black or white.",229.99,15,keyboard,https://m.media-amazon.com/images/I/61V2O4vbYhL._AC_SL1500_.jpg,https://m.media-amazon.com/images/I/71qhLg1DPVL._AC_SL1500_.jpg,https://m.media-amazon.com/images/I/71FA-nqiXxL._AC_SL1500_.jpg,https://m.media-amazon.com/images/I/71Nh3jcQnzL._AC_SL1500_.jpg
Logitech Pro Keyboard,Logitech G,"The tournament-proven PRO gaming keyboard, now with advanced GX Blue Clicky mechanical switches. Built to win in collaboration with the world’s top esports athletes.",129.99,15,keyboard,https://m.media-amazon.com/images/I/51az1aUb3qL._AC_SL1000_.jpg,https://m.media-amazon.com/images/I/615FiNzYBEL._AC_SL1000_.jpg,https://m.media-amazon.com/images/I/61ksnd16BwL._AC_SL1000_.jpg,https://m.media-amazon.com/images/I/51ulm4qzJvL._AC_SL1000_.jpg
Logitech Pro X Keyboard,Logitech G,"The tournament-proven PRO design, now with your choice of swappable pro-grade GX mechanical switches: Clicky, Tactile and Linear. Built to win in collaboration with the world’s top esports athletes.",149.99,15,keyboard,https://m.media-amazon.com/images/I/515Cl6fyyhL._AC_SL1000_.jpg,https://m.media-amazon.com/images/I/51MZRnu8P7L._AC_SL1000_.jpg,https://m.media-amazon.com/images/I/51evwlkUdRL._AC_SL1000_.jpg,https://m.media-amazon.com/images/I/51vaNd2mhqL._AC_SL1000_.jpg
Logitech G815,Logitech G,"The latest in gaming technology. Ultra-thin design. LIGHTSYNC RGB and dedicated G-keys. Engineered for high-performance gameplay with low-profile GL mechanical switches in clicky, tactile, and linear.",199.99,15,keyboard,https://m.media-amazon.com/images/I/51R90b-WV1L._AC_SL1000_.jpg,https://m.media-amazon.com/images/I/51K2tgkgSTL._AC_SL1000_.jpg,https://m.media-amazon.com/images/I/61VgVicQelL._AC_SL1000_.jpg,https://m.media-amazon.com/images/I/61T2ASn1dyL._AC_SL1000_.jpg
Logitech G512,Logitech G,"High-performance gaming keyboard featuring your choice of advanced GX mechanical switches. Includes 1 ms report rate, USB passthrough, LIGHTYSNC RGB, and aluminum-alloy construction.",99.99,15,keyboard,https://m.media-amazon.com/images/I/61V5+HIzTGL._AC_SL1500_.jpg,https://m.media-amazon.com/images/I/61g0bqAIGcL._AC_SL1500_.jpg,https://m.media-amazon.com/images/I/61U+kACn28L._AC_SL1500_.jpg,https://m.media-amazon.com/images/I/61ZIPBy9jLL._AC_SL1500_.jpg
Logitech G915,Logitech G,Wireless RGB Mechanical Gaming Keyboard,249.99,20,keyboard,https://m.media-amazon.com/images/I/51jkxo3a7bL._AC_SL1000_.jpg,https://m.media-amazon.com/images/I/61ntzbYAv3L._AC_SL1000_.jpg,https://m.media-amazon.com/images/I/61T2ASn1dyL._AC_SL1000_.jpg,https://m.media-amazon.com/images/I/61NtP4OSLZL._AC_SL1000_.jpg
Razer Basilisk Ultimate,Razer,Wireless Gaming Mouse,169.99,20,mice,https://assets3.razerzone.com/aK_j7NsBW5QYzSNakwj7KAWfKt0=/1500x1000/https%3A%2F%2Fhybrismediaprod.blob.core.windows.net%2Fsys-master-phoenix-images-container%2Fh55%2Fh76%2F9081449447454%2Fbasilisk-ultimate-gallery-1.jpg,https://assets3.razerzone.com/6GXxg7od8nShn-hO9a2mtHKP4Mg=/1500x1000/https%3A%2F%2Fhybrismediaprod.blob.core.windows.net%2Fsys-master-phoenix-images-container%2Fh26%2Fh10%2F9081448562718%2Fbasilisk-ultimate-gallery-3.jpg,https://assets3.razerzone.com/MmzgRWyIaL19WUhFGt0OcrQMuBk=/1500x1000/https%3A%2F%2Fhybrismediaprod.blob.core.windows.net%2Fsys-master-phoenix-images-container%2Fhbe%2Fh0c%2F9081448464414%2Fbasilisk-ultimate-gallery-4.jpg,https://assets3.razerzone.com/pVh2KSH7rLVnqkgey3HDMLTdH6w=/1500x1000/https%3A%2F%2Fhybrismediaprod.blob.core.windows.net%2Fsys-master-phoenix-images-container%2Fh15%2Fh0d%2F9081448497182%2Fbasilisk-ultimate-gallery-5.jpg
Razer DeathAdder V3 Pro,Razer,Ultra-lightweight Wireless Ergonomic Esports Mouse,149.99,20,mice,https://pisces.bbystatic.com/image2/BestBuy_US/images/products/6514/6514425_sd.jpg,https://pisces.bbystatic.com/image2/BestBuy_US/images/products/6514/6514425cv17d.jpg,https://pisces.bbystatic.com/image2/BestBuy_US/images/products/6514/6514425cv18d.jpg,https://pisces.bbystatic.com/image2/BestBuy_US/images/products/6514/6514425cv19d.jpg
Razer DeathAdder V2 X HyperSpeed,Razer,Wireless Gaming Mouse with Best-In-Class Ergonomics,59.99,10,mice,https://pisces.bbystatic.com/image2/BestBuy_US/images/products/6482/6482626cv16d.jpg,https://pisces.bbystatic.com/image2/BestBuy_US/images/products/6482/6482626cv17d.jpg,https://pisces.bbystatic.com/image2/BestBuy_US/images/products/6482/6482626cv18d.jpg,https://pisces.bbystatic.com/image2/BestBuy_US/images/products/6482/6482626cv20d.jpg;maxHeight=120;maxWidth=120
Razer DeathAdder V2 Pro,Razer,Wireless gaming mouse with best-in-class ergonomics,129.99,20,mice,https://pisces.bbystatic.com/image2/BestBuy_US/images/products/6425/6425365_sd.jpg,https://pisces.bbystatic.com/image2/BestBuy_US/images/products/6425/6425365_rd.jpg,https://pisces.bbystatic.com/image2/BestBuy_US/images/products/6425/6425365ld.jpg,https://pisces.bbystatic.com/image2/BestBuy_US/images/products/6425/6425365_bd.jpg
Razer DeathAdder Essential,Razer,"Essential gaming mouse with 6,400 DPI optical sensor",29.99,10,mice,https://m.media-amazon.com/images/I/51qZtzZrzwL._AC_SL1500_.jpg,https://m.media-amazon.com/images/I/71FQnud76aL._AC_SL1500_.jpg,https://m.media-amazon.com/images/I/61X0kOEm24L._AC_SL1500_.jpg,https://m.media-amazon.com/images/I/71WHaAZswpL._AC_SL1500_.jpg
Razer DeathAdder V2 Mini,Razer,Ultra-Lightweight Ergonomic Gaming Mouse,49.99,10,mice,https://pisces.bbystatic.com/image2/BestBuy_US/images/products/6476/6476705_sd.jpg;maxHeight=640;maxWidth=550,https://pisces.bbystatic.com/image2/BestBuy_US/images/products/6476/6476705cv15d.jpg,https://pisces.bbystatic.com/image2/BestBuy_US/images/products/6476/6476705cv16d.jpg,https://pisces.bbystatic.com/image2/BestBuy_US/images/products/6476/6476705cv17d.jpg
Razer Viper V2 Pro,Razer,"Ultra-lightweight, Ultra-fast Wireless Esports Mouse",149.99,20,mice,https://pisces.bbystatic.com/image2/BestBuy_US/images/products/6502/6502754_sd.jpg,https://pisces.bbystatic.com/image2/BestBuy_US/images/products/6502/6502754_rd.jpg,https://pisces.bbystatic.com/image2/BestBuy_US/images/products/6502/6502754cv16d.jpg,https://pisces.bbystatic.com/image2/BestBuy_US/images/products/6502/6502754cv17d.jpg
Razer Viper Ultimate with Charging Dock,Razer,Ambidextrous Gaming Mouse with Razer™ HyperSpeed Wireless,149.99,20,mice,https://assets3.razerzone.com/6v1RVaYM7gImsVUwGP7AXb6YOcw=/1500x1000/https%3A%2F%2Fhybrismediaprod.blob.core.windows.net%2Fsys-master-phoenix-images-container%2Fh78%2Fh6a%2F9081447088158%2Frazer-viper-ultimate-gallery-hero.jpg,https://assets3.razerzone.com/XiXWaor3PhvbjhxZPQ2EiwwJ5f0=/1500x1000/https%3A%2F%2Fhybrismediaprod.blob.core.windows.net%2Fsys-master-phoenix-images-container%2Fh61%2Fh53%2F9081447710750%2Frazer-viper-ultimate-gallery-01.jpg,https://assets3.razerzone.com/hudn_nelzgHSXkDwXG4oQ5gJWHM=/1500x1000/https%3A%2F%2Fhybrismediaprod.blob.core.windows.net%2Fsys-master-phoenix-images-container%2Fh40%2Fh60%2F9081447383070%2Frazer-viper-ultimate-gallery-02.jpg,https://assets3.razerzone.com/iipGQLFIpsPoW-Pbv716jj5vP7g=/1500x1000/https%3A%2F%2Fhybrismediaprod.blob.core.windows.net%2Fsys-master-phoenix-images-container%2Fh01%2Fh61%2F9081447317534%2Frazer-viper-ultimate-gallery-05.jpg
Razer Viper Mini,Razer,Ultra-Lightweight Gaming Mouse with Razer™ Chroma RGB,39.99,10,mice,https://assets3.razerzone.com/U8Xihprw5qTmgC21NAc18hjDSYk=/1500x1000/https%3A%2F%2Fhybrismediaprod.blob.core.windows.net%2Fsys-master-phoenix-images-container%2Fh7d%2Fh10%2F9081448595486%2Frazer-viper-mini-gallery-hero-1500x1000.jpg,https://assets3.razerzone.com/DbD9XOMm66Z3TvtOthPITcOgJh4=/1500x1000/https%3A%2F%2Fhybrismediaprod.blob.core.windows.net%2Fsys-master-phoenix-images-container%2Fhef%2Fh6f%2F9081449283614%2Frazer-viper-mini-gallery-01.jpg,https://assets3.razerzone.com/R3JTK_stLepo74296bFoptOCjqM=/1500x1000/https%3A%2F%2Fhybrismediaprod.blob.core.windows.net%2Fsys-master-phoenix-images-container%2Fh1f%2Fh69%2F9081449087006%2Frazer-viper-mini-gallery-03.jpg,https://assets3.razerzone.com/9oGg-hzmz_zcRBEw_dpvmf9K7do=/1500x1000/https%3A%2F%2Fhybrismediaprod.blob.core.windows.net%2Fsys-master-phoenix-images-container%2Fh2f%2Fh6c%2F9081449152542%2Frazer-viper-mini-gallery-05.jpg
Razer Basilisk V3,Razer,Customizable Gaming Mouse with Razer Chroma™ RGB,69.99,15,mice,https://assets3.razerzone.com/wgxcCfd0bxFii4x33PqAqt2YrvY=/1500x1000/https%3A%2F%2Fhybrismediaprod.blob.core.windows.net%2Fsys-master-phoenix-images-container%2Fh57%2Fh2e%2F9234032656414%2Fbasiliskv-3-1500x1000-1.jpg,https://assets3.razerzone.com/kUryNDwjWeY92NeuFp5McUpa-TI=/1500x1000/https%3A%2F%2Fhybrismediaprod.blob.core.windows.net%2Fsys-master-phoenix-images-container%2Fhae%2Fh2e%2F9234032689182%2Fbasiliskv-3-1500x1000-2.jpg,https://assets3.razerzone.com/6REt0YjRSmhBKu9Uu1UXkM-M3RA=/1500x1000/https%3A%2F%2Fhybrismediaprod.blob.core.windows.net%2Fsys-master-phoenix-images-container%2Fhff%2Fh2d%2F9234032623646%2Fbasiliskv-3-1500x1000-3.jpg,https://assets3.razerzone.com/VKSdAJcnuhG2deJmpA6LofKPnUA=/1500x1000/https%3A%2F%2Fhybrismediaprod.blob.core.windows.net%2Fsys-master-phoenix-images-container%2Fhef%2Fh2a%2F9234032558110%2Fbasiliskv-3-1500x1000-4.jpg
Razer Basilisk X HyperSpeed,Razer,Wireless Gaming Mouse with Razer™ HyperSpeed Technology,59.99,15,mice,https://assets3.razerzone.com/sRtoAmk-mVULkTfS1vC_Zcsu40A=/1500x1000/https%3A%2F%2Fhybrismediaprod.blob.core.windows.net%2Fsys-master-phoenix-images-container%2Fhb3%2Fh1d%2F9081448955934%2Frazer-basilisk-x-hyperspeed-gallery-04.jpg,https://assets3.razerzone.com/sG5hKw8Evi_gUIFerzo7PQKnzEE=/1500x1000/https%3A%2F%2Fhybrismediaprod.blob.core.windows.net%2Fsys-master-phoenix-images-container%2Fhc7%2Fh68%2F9081449054238%2Frazer-basilisk-x-hyperspeed-gallery-05.jpg,https://assets3.razerzone.com/QXNxBn2j18E6_kq4Zi_5BKvs82A=/1500x1000/https%3A%2F%2Fhybrismediaprod.blob.core.windows.net%2Fsys-master-phoenix-images-container%2Fh67%2Fh0c%2F9081448431646%2Frazer-basilisk-x-hyperspeed-hero.jpg,https://assets3.razerzone.com/DP-jZEFyG1SLTFZ6oDOF_ox-F6o=/1500x1000/https%3A%2F%2Fhybrismediaprod.blob.core.windows.net%2Fsys-master-phoenix-images-container%2Fhbd%2Fh79%2F9081449545758%2Frazer-basilisk-x-hyperspeed-gallery-02.jpg
Razer Basilisk Essential,Razer,Ergonomic Gaming Mouse with Multi-function Paddle,49.99,10,mice,https://assets3.razerzone.com/zfisHQa_724_iQiPTVMRppIa4tc=/1500x1000/https%3A%2F%2Fhybrismediaprod.blob.core.windows.net%2Fsys-master-phoenix-images-container%2Fh82%2Fhc6%2F9081446498334%2Frazer-basilisk-essential-gallery-hero-1500x1000.jpg,https://assets3.razerzone.com/uBUfyZ0QWDhNFMNgKmsBWwbQojY=/1500x1000/https%3A%2F%2Fhybrismediaprod.blob.core.windows.net%2Fsys-master-phoenix-images-container%2Fh98%2Fhca%2F9081446334494%2Frazer-basilisk-essential-gallery02.jpg,https://assets3.razerzone.com/OAQukpMNCOH7FQD495qA35kEVxw=/1500x1000/https%3A%2F%2Fhybrismediaprod.blob.core.windows.net%2Fsys-master-phoenix-images-container%2Fh69%2Fhd1%2F9081446137886%2Frazer-basilisk-essential-gallery03-v2.jpg,https://assets3.razerzone.com/VGEQdN4uUghbZWHoh14G7iOUWs8=/1500x1000/https%3A%2F%2Fhybrismediaprod.blob.core.windows.net%2Fsys-master-phoenix-images-container%2Fhf7%2Fhd2%2F9081445580830%2Frazer-basilisk-essential-gallery04.jpg
Razer Basilisk V2,Razer,Wired Gaming Mouse with 11 Programmable Buttons,79.99,15,mice,https://assets3.razerzone.com/kQ8vX6zKiQxuhWUZUrtNeQfwYRA=/1500x1000/https%3A%2F%2Fhybrismediaprod.blob.core.windows.net%2Fsys-master-phoenix-images-container%2Fhc5%2Fh6b%2F9081449119774%2Frazer-basilisk-v2-gallery-hero-1500x1000.jpg,https://assets3.razerzone.com/TNwK8dxApwlrwPZDyKMbNHHFwZc=/1500x1000/https%3A%2F%2Fhybrismediaprod.blob.core.windows.net%2Fsys-master-phoenix-images-container%2Fh97%2Fh6f%2F9081449250846%2Frazer-basilisk-v2-gallery-2-1500x1000.jpg,https://assets3.razerzone.com/WZ4hr-iwC1Z_Ltocr3RSnuDBPdA=/1500x1000/https%3A%2F%2Fhybrismediaprod.blob.core.windows.net%2Fsys-master-phoenix-images-container%2Fhf4%2Fh19%2F9081448824862%2Frazer-basilisk-v2-gallery-3-1500x1000.jpg,https://assets3.razerzone.com/z2XidHyIau9Cn1P0WGalVZOlwkU=/1500x1000/https%3A%2F%2Fhybrismediaprod.blob.core.windows.net%2Fsys-master-phoenix-images-container%2Fhad%2Fh09%2F9081448398878%2Frazer-basilisk-v2-gallery-4-1500x1000.jpg
Razer Naga X,Razer,Ergonomic MMO Gaming Mouse with 16 buttons,79.99,15,mice,https://assets3.razerzone.com/Upx_4mlwxnEb9IuHeEbJh15ALtk=/1500x1000/https%3A%2F%2Fhybrismediaprod.blob.core.windows.net%2Fsys-master-phoenix-images-container%2Fh49%2Fhb0%2F9138390925342%2Frazer-naga-x-gallery-01.jpg,https://assets3.razerzone.com/8YTYC-h9IW0tcYAn-RMm9fOGADY=/1500x1000/https%3A%2F%2Fhybrismediaprod.blob.core.windows.net%2Fsys-master-phoenix-images-container%2Fhde%2Fh64%2F9138391056414%2Frazer-naga-x-gallery-02.jpg,https://assets3.razerzone.com/6mOtwBZoPsvmD8DIj9mDRhaUlhE=/1500x1000/https%3A%2F%2Fhybrismediaprod.blob.core.windows.net%2Fsys-master-phoenix-images-container%2Fh88%2Fhaf%2F9138390990878%2Frazer-naga-x-gallery-03.jpg,https://assets3.razerzone.com/dvm2PD69vJGclUkcZBJZ918hQ6A=/1500x1000/https%3A%2F%2Fhybrismediaprod.blob.core.windows.net%2Fsys-master-phoenix-images-container%2Fh35%2Fh65%2F9138391023646%2Frazer-naga-x-gallery-06.jpg
Razer Naga Pro,Razer,Modular Wireless Mouse with Swappable Side Plates,149.99,20,mice,https://assets3.razerzone.com/jxUOnr9Xu9FFlOJVYqZdC2J9TBk=/1500x1000/https%3A%2F%2Fhybrismediaprod.blob.core.windows.net%2Fsys-master-phoenix-images-container%2Fhab%2Fh34%2F9081993199646%2Frazer-naga-pro-1500x1000-gallery-9.jpg,https://assets3.razerzone.com/qMGqQsQl2B1HGRKaN_4pOaUFojs=/1500x1000/https%3A%2F%2Fhybrismediaprod.blob.core.windows.net%2Fsys-master-phoenix-images-container%2Fh6a%2Fh38%2F9081993068574%2Frazer-naga-pro-1500x1000-gallery-4.jpg,https://assets3.razerzone.com/x3LNpYpPt8dSjo29oN57Gz7b7eU=/1500x1000/https%3A%2F%2Fhybrismediaprod.blob.core.windows.net%2Fsys-master-phoenix-images-container%2Fh18%2Fh39%2F9081993003038%2Frazer-naga-pro-1500x1000-gallery-7.jpg,https://assets3.razerzone.com/zbPf42UeunTLKZUAgWa-ikseDj4=/1500x1000/https%3A%2F%2Fhybrismediaprod.blob.core.windows.net%2Fsys-master-phoenix-images-container%2Fh59%2Fh35%2F9081993134110%2Frazer-naga-pro-1500x1000-gallery-1.jpg
Razer Naga Trinity,Razer,Modular MOBA/MMO gaming mouse,99.99,10,mice,https://assets3.razerzone.com/hf82VIrIdRUiDK14L3A26DSDztI=/1500x1000/https%3A%2F%2Fhybrismediaprod.blob.core.windows.net%2Fsys-master-phoenix-images-container%2Fh85%2Fhe0%2F9081445974046%2Frazer-naga-trinity-gallery-hero-1500x1000.jpg,https://assets3.razerzone.com/pJUWjfgG3exF4jcUzIFI5UHwmsk=/1500x1000/https%3A%2F%2Fhybrismediaprod.blob.core.windows.net%2Fsys-master-phoenix-images-container%2Fh2e%2Fhe0%2F9081445941278%2Frazer-naga-trinity-gallery1.jpg,https://assets3.razerzone.com/oMkIyd4bNb9eM0uQckuCcmbcrwE=/1500x1000/https%3A%2F%2Fhybrismediaprod.blob.core.windows.net%2Fsys-master-phoenix-images-container%2Fhaa%2Fhcd%2F9081446268958%2Frazer-naga-trinity-gallery4.jpg,https://assets3.razerzone.com/-anxnE0qTUEPXzuraXGQOrdAVlQ=/1500x1000/https%3A%2F%2Fhybrismediaprod.blob.core.windows.net%2Fsys-master-phoenix-images-container%2Fhc8%2Fhc3%2F9081446531102%2Frazer-naga-trinity-gallery5.jpg
Razer Huntsman Mini Analog - US,Razer,60% Gaming Keyboard with Analog Optical Switches,149.99,20,keyboard,https://assets3.razerzone.com/RxJ9UAYd7t3PwcYelENOzz5PJnc=/1500x1000/https%3A%2F%2Fhybrismediaprod.blob.core.windows.net%2Fsys-master-phoenix-images-container%2Fhb3%2Fh3d%2F9374925717534%2Fhuntsman-mini-analog-1500x1000-1.jpg,https://assets3.razerzone.com/oPN_98l13_BtDvlJBSrhRprDrzI=/1500x1000/https%3A%2F%2Fhybrismediaprod.blob.core.windows.net%2Fsys-master-phoenix-images-container%2Fhf4%2Fh39%2F9374925848606%2Fhuntsman-mini-analog-1500x1000-2.jpg,https://assets3.razerzone.com/U10h-7ZhPAEWHGGZV2hpAn2pRFA=/1500x1000/https%3A%2F%2Fhybrismediaprod.blob.core.windows.net%2Fsys-master-phoenix-images-container%2Fhf1%2Fh3c%2F9374925783070%2Fhuntsman-mini-analog-1500x1000-5.jpg,https://assets3.razerzone.com/6Ya57VIIQzRENA7W7pKX2v3Uxb4=/1500x1000/https%3A%2F%2Fhybrismediaprod.blob.core.windows.net%2Fsys-master-phoenix-images-container%2Fh5a%2Fh40%2F9374925684766%2Fhuntsman-mini-analog-1500x1000-3.jpg
Razer Huntsman V2 - Clicky Optical Switch - US,Razer,Optical Gaming Keyboard with Near-zero Input Latency,189.99,20,keyboard,https://assets3.razerzone.com/YuO6HqvQPwI56X6x7JVnOqtCKvQ=/1500x1000/https%3A%2F%2Fhybrismediaprod.blob.core.windows.net%2Fsys-master-phoenix-images-container%2Fh16%2Fhec%2F9239675011102%2F16-sep-huntsman-v2-1500x1000-1.jpg,https://assets3.razerzone.com/hqWCmaayTj0EDHx5VabMeLoZcv0=/1500x1000/https%3A%2F%2Fhybrismediaprod.blob.core.windows.net%2Fsys-master-phoenix-images-container%2Fh05%2Fhc2%2F9239674716190%2F16-sep-huntsman-v2-1500x1000-2.jpg,https://assets3.razerzone.com/XQbHUGa12W6QSbrSI8myy4OzHCo=/1500x1000/https%3A%2F%2Fhybrismediaprod.blob.core.windows.net%2Fsys-master-phoenix-images-container%2Fh2d%2Fhc9%2F9239674945566%2F16-sep-huntsman-v2-1500x1000-3.jpg,https://assets3.razerzone.com/g-XmEiPr92npztbjCwS5S5FBrz8=/1500x1000/https%3A%2F%2Fhybrismediaprod.blob.core.windows.net%2Fsys-master-phoenix-images-container%2Fhc5%2Fhc5%2F9239674847262%2F16-sep-huntsman-v2-1500x1000-4.jpg
Razer Huntsman V2 Tenkeyless - Linear Optical Switch - US,Razer,Tenkeyless Optical Gaming Keyboard,159.99,15,keyboard,https://assets3.razerzone.com/f_nir8TTNXFkNMacLUkZUEyUqnM=/1500x1000/https%3A%2F%2Fhybrismediaprod.blob.core.windows.net%2Fsys-master-phoenix-images-container%2Fh5c%2Fhc2%2F9239674748958%2F16-sep-huntsman-v2-tkl-1500x1000-3.jpg,https://assets3.razerzone.com/IzuFqKRK915PTHWnvMsvr_1ZzZ0=/1500x1000/https%3A%2F%2Fhybrismediaprod.blob.core.windows.net%2Fsys-master-phoenix-images-container%2Fh07%2Fhbf%2F9239674650654%2F16-sep-huntsman-v2-tkl-1500x1000-4.jpg,https://assets3.razerzone.com/QxzZjQDojd223qo-wa4Hgi5rnhw=/1500x1000/https%3A%2F%2Fhybrismediaprod.blob.core.windows.net%2Fsys-master-phoenix-images-container%2Fhc6%2Fhc2%2F9239674781726%2F16-sep-huntsman-v2-tkl-1500x1000-2.jpg,https://assets3.razerzone.com/u587wy05gcl8yQla1HTUDh2q-Vk=/1500x1000/https%3A%2F%2Fhybrismediaprod.blob.core.windows.net%2Fsys-master-phoenix-images-container%2Fhd5%2Fhc8%2F9239674912798%2F16-sep-huntsman-v2-tkl-1500x1000-1.jpg
Razer BlackWidow V3 Mini HyperSpeed - Phantom Edition - Yellow Switch - US,Razer,Wireless 65% Mechanical Gaming Keyboard with Razer Chroma™ RGB,199.99,20,keyboard,https://assets3.razerzone.com/u3hgiLFD55R_u8BRs5_hssaz_EQ=/1500x1000/https%3A%2F%2Fhybrismediaprod.blob.core.windows.net%2Fsys-master-phoenix-images-container%2Fhd7%2Fhbe%2F9206380953630%2FRSL10-blackwidow-v3-mini-hyperspeed-phantom-1500x1000-4.jpg,https://assets3.razerzone.com/LYYeWfztpxShnXRO9RjisjgukQo=/1500x1000/https%3A%2F%2Fhybrismediaprod.blob.core.windows.net%2Fsys-master-phoenix-images-container%2Fh2d%2Fh74%2F9206381019166%2FRSL10-blackwidow-v3-mini-hyperspeed-phantom-1500x1000-1.jpg,https://assets3.razerzone.com/wm3p_2Qn2otnMrsrnWdgCo34McA=/1500x1000/https%3A%2F%2Fhybrismediaprod.blob.core.windows.net%2Fsys-master-phoenix-images-container%2Fhc3%2Fh73%2F9206381051934%2FRSL10-blackwidow-v3-mini-hyperspeed-phantom-1500x1000-2.jpg,https://assets3.razerzone.com/oeNGjxSRIr3iHc2GwdJvhmXw1Qc=/1500x1000/https%3A%2F%2Fhybrismediaprod.blob.core.windows.net%2Fsys-master-phoenix-images-container%2Fh80%2Fhbe%2F9206380986398%2FRSL10-blackwidow-v3-mini-hyperspeed-phantom-1500x1000-3.jpg
Razer BlackWidow V3 Mini HyperSpeed - Yellow Switch - US,Razer,Wireless 65% Mechanical Gaming Keyboard with Razer Chroma™ RGB,179.99,20,keyboard,https://assets3.razerzone.com/2f9BLDJNhqZVuLtJPLtySz9i_Pw=/1500x1000/https%3A%2F%2Fhybrismediaprod.blob.core.windows.net%2Fsys-master-phoenix-images-container%2Fhb1%2Fh65%2F9180986310686%2Frazer-blackwidow-v3-mini-hyperspeed-1500x1000-01.jpg,https://assets3.razerzone.com/hA-b6Pw_W2KqmOcWBTJaC6J1z6Q=/1500x1000/https%3A%2F%2Fhybrismediaprod.blob.core.windows.net%2Fsys-master-phoenix-images-container%2Fh5f%2Fh66%2F9180986376222%2Frazer-blackwidow-v3-mini-hyperspeed-1500x1000-02.jpg,https://assets3.razerzone.com/istNIAfwuzdS_MRwTswInuNhu2s=/1500x1000/https%3A%2F%2Fhybrismediaprod.blob.core.windows.net%2Fsys-master-phoenix-images-container%2Fh2f%2Fh6d%2F9180986572830%2Frazer-blackwidow-v3-mini-hyperspeed-1500x1000-05.jpg,https://assets3.razerzone.com/BDxNjJDQb2P-dck4RoYonJ4Tw68=/1500x1000/https%3A%2F%2Fhybrismediaprod.blob.core.windows.net%2Fsys-master-phoenix-images-container%2Fh2e%2Fh70%2F9180986638366%2Frazer-blackwidow-v3-mini-hyperspeed-1500x1000-06.jpg
Razer BlackWidow V3 - Green Switch - US,Razer,Mechanical Gaming Keyboard with Razer Chroma RGB,139.99,15,keyboard,https://assets3.razerzone.com/iA-LbTJ3ikhhZ2GTNcIotXaKo8A=/1500x1000/https%3A%2F%2Fhybrismediaprod.blob.core.windows.net%2Fsys-master-phoenix-images-container%2Fh36%2Fh7a%2F9261073006622%2Frazer-blackwidow-v3-1500x1000-0-V3.jpg,https://assets3.razerzone.com/36QDEx4Y4bTl5h3VvfIfVTggVrA=/1500x1000/https%3A%2F%2Fhybrismediaprod.blob.core.windows.net%2Fsys-master-phoenix-images-container%2Fhef%2Fh90%2F9089910931486%2Frazer-blackwidow-v3-1500x1000_2.jpg,https://assets3.razerzone.com/gwGvW-TWvkK4PTct2ZcE-Rgc96I=/1500x1000/https%3A%2F%2Fhybrismediaprod.blob.core.windows.net%2Fsys-master-phoenix-images-container%2Fh41%2Fh90%2F9089910997022%2Frazer-blackwidow-v3-1500x1000_3.jpg,https://assets3.razerzone.com/w4ov5VR5FKnqw_qUS5lr7zl3ssE=/1500x1000/https%3A%2F%2Fhybrismediaprod.blob.core.windows.net%2Fsys-master-phoenix-images-container%2Fhef%2Fh45%2F9089911029790%2Frazer-blackwidow-v3-1500x1000_4.jpg
Razer BlackWidow V3 - Green Switch - US - Quartz,Razer,Mechanical Gaming Keyboard with Razer Chroma RGB,139.99,15,keyboard,https://assets3.razerzone.com/N8SFouMojfDTDw7nVvItHkjdaqg=/1500x1000/https%3A%2F%2Fhybrismediaprod.blob.core.windows.net%2Fsys-master-phoenix-images-container%2Fh57%2Fh94%2F9089910833182%2Frazer-blackwidow-v3-quart-1500x1000_1.jpg,https://assets3.razerzone.com/l1xmGKmHOweDbDD4hwz5YP06c7g=/1500x1000/https%3A%2F%2Fhybrismediaprod.blob.core.windows.net%2Fsys-master-phoenix-images-container%2Fh85%2Fh45%2F9089911062558%2Frazer-blackwidow-v3-quart-1500x1000_2.jpg,https://assets3.razerzone.com/7Q4yF-5sZPBCU-weh4_o700auFE=/1500x1000/https%3A%2F%2Fhybrismediaprod.blob.core.windows.net%2Fsys-master-phoenix-images-container%2Fhae%2Fh94%2F9089910800414%2Frazer-blackwidow-v3-quart-1500x1000_3.jpg,https://assets3.razerzone.com/SdCG4MC9DueFJ-QsYC9EGiwelR8=/1500x1000/https%3A%2F%2Fhybrismediaprod.blob.core.windows.net%2Fsys-master-phoenix-images-container%2Fh98%2Fh90%2F9089910964254%2Frazer-blackwidow-v3-quart-1500x1000_5.jpg
Razer BlackWidow V3 Pro - Green Switch - US,Razer,Wireless Full-height Mechanical Gaming Keyboard with Razer Chroma RGB,229.99,20,keyboard,https://assets3.razerzone.com/tkdHpt2Tb1Z_4fZrt-je88MK_fA=/1500x1000/https%3A%2F%2Fhybrismediaprod.blob.core.windows.net%2Fsys-master-phoenix-images-container%2Fh22%2Fhee%2F9086247993374%2Frazer-blackwidow-v3-pro-1500x1000_0.jpg,https://assets3.razerzone.com/wIDMcWlruEip0h4z0_rB3LOrvDg=/1500x1000/https%3A%2F%2Fhybrismediaprod.blob.core.windows.net%2Fsys-master-phoenix-images-container%2Fhcb%2Fhc3%2F9086248157214%2Frazer-blackwidow-v3-pro-1500x1000_1.jpg,https://assets3.razerzone.com/GWcGhvSwvITi4TvV2LOTic6LMHI=/1500x1000/https%3A%2F%2Fhybrismediaprod.blob.core.windows.net%2Fsys-master-phoenix-images-container%2Fhcb%2Fhed%2F9086247960606%2Frazer-blackwidow-v3-pro-1500x1000_2.jpg,https://assets3.razerzone.com/65yUiNpOTVbOv41XZYfpu4c5Jmk=/1500x1000/https%3A%2F%2Fhybrismediaprod.blob.core.windows.net%2Fsys-master-phoenix-images-container%2Fh34%2Fhc7%2F9086248058910%2Frazer-blackwidow-v3-pro-1500x1000_3.jpg
Razer BlackWidow Elite - Yellow Switch - US,Razer,The Complete Mechanical Gaming Keyboard,169.99,15,keyboard,https://assets3.razerzone.com/uhZa4BMHL9wIUp-DxvCUQMOsMqc=/1500x1000/https%3A%2F%2Fhybrismediaprod.blob.core.windows.net%2Fsys-master-phoenix-images-container%2Fh2d%2Fh26%2F9081236881438%2Frazer-blackwidow-elite-gallery-01.jpg,https://assets3.razerzone.com/JRey6j0p2T1lTE-13sQjZznh-Fc=/1500x1000/https%3A%2F%2Fhybrismediaprod.blob.core.windows.net%2Fsys-master-phoenix-images-container%2Fhd4%2Fh28%2F9081236914206%2Frazer-blackwidow-elite-gallery-02.jpg,https://assets3.razerzone.com/Nl7LdAjavnAVF3DW40m8RzqeOsY=/1500x1000/https%3A%2F%2Fhybrismediaprod.blob.core.windows.net%2Fsys-master-phoenix-images-container%2Fh04%2Fh22%2F9081236717598%2Frazer-blackwidow-elite-gallery-03.jpg,https://assets3.razerzone.com/LWIc8QYbHGM3rjDjUYzCgH8It5U=/1500x1000/https%3A%2F%2Fhybrismediaprod.blob.core.windows.net%2Fsys-master-phoenix-images-container%2Fhf5%2Fh1b%2F9081236586526%2Frazer-blackwidow-elite-gallery-04.jpg
Razer Ornata V3 - US,Razer,Low-profile Mecha-membrane RGB Keyboard,69.99,10,keyboard,https://assets3.razerzone.com/sdSSyrUBHrf_LurJT110k7jHpq4=/1500x1000/https%3A%2F%2Fhybrismediaprod.blob.core.windows.net%2Fsys-master-phoenix-images-container%2Fh91%2Fha4%2F9413534318622%2F220623-ornata-v3-1500x1000-1.jpg,https://assets3.razerzone.com/LW4PiyXkQNoiGN5q0yPM0eKQIRQ=/1500x1000/https%3A%2F%2Fhybrismediaprod.blob.core.windows.net%2Fsys-master-phoenix-images-container%2Fh91%2Fhfa%2F9413682266142%2F220623-ornata-v3-2-1500x1000-2.jpg,https://assets3.razerzone.com/DaKgbQMdbjhLauwfy6TsLHkN-No=/1500x1000/https%3A%2F%2Fhybrismediaprod.blob.core.windows.net%2Fsys-master-phoenix-images-container%2Fh80%2Fhf7%2F9413682331678%2F220623-ornata-v3-2-1500x1000-3.jpg,https://assets3.razerzone.com/3jGElEWkiOkF8hGF6FjrERQ8xQk=/1500x1000/https%3A%2F%2Fhybrismediaprod.blob.core.windows.net%2Fsys-master-phoenix-images-container%2Fh3b%2Fhfa%2F9413682298910%2F220623-ornata-v3-2-1500x1000-6.jpg
Razer Pro Type Ultra - US,Razer,Wireless Mechanical Keyboard for Productivity,159.99,15,keyboard,https://assets3.razerzone.com/ryRh0JzGIDxlMR7RndA7n8u5z28=/1500x1000/https%3A%2F%2Fhybrismediaprod.blob.core.windows.net%2Fsys-master-phoenix-images-container%2Fhc5%2Fh96%2F9311020908574%2F220117-pro-type-ultra-1500x1000-1.jpg,https://assets3.razerzone.com/4id1RhjSyZtnr1BJZrjkAh3BuAY=/1500x1000/https%3A%2F%2Fhybrismediaprod.blob.core.windows.net%2Fsys-master-phoenix-images-container%2Fh30%2Fh97%2F9311020941342%2F220117-pro-type-ultra-1500x1000-3.jpg,https://assets3.razerzone.com/0pPiV15b1GYg1U0mTnXDrLUgeAs=/1500x1000/https%3A%2F%2Fhybrismediaprod.blob.core.windows.net%2Fsys-master-phoenix-images-container%2Fh87%2Fh97%2F9311020974110%2F220117-pro-type-ultra-1500x1000-5.jpg,https://assets3.razerzone.com/tKHJx50HYcVxUy8y-cS8jN3_qcA=/1500x1000/https%3A%2F%2Fhybrismediaprod.blob.core.windows.net%2Fsys-master-phoenix-images-container%2Fhd9%2Fhe1%2F9311021006878%2F220117-pro-type-ultra-1500x1000-6.jpg
Razer Cynosa V2 - US,Razer,Membrane gaming keyboard with Razer Chroma RGB,59.99,10,keyboard,https://assets3.razerzone.com/AUw3yhL9llVb2QZ0J7aSfn9DPL0=/1500x1000/https%3A%2F%2Fhybrismediaprod.blob.core.windows.net%2Fsys-master-phoenix-images-container%2Fh83%2Fh93%2F9081237995550%2FCynosa-V2-Phoenix-Hero_1500x1000.jpg,https://assets3.razerzone.com/a3wJn6K5-aFdLIq3DhNsrh2TA6w=/1500x1000/https%3A%2F%2Fhybrismediaprod.blob.core.windows.net%2Fsys-master-phoenix-images-container%2Fhc4%2Fh8f%2F9081237864478%2FCynosa-V2-Phoenix-02_1500x1000.jpg,https://assets3.razerzone.com/xwjDXe_zeA6QhDCNvSuZVldK-IQ=/1500x1000/https%3A%2F%2Fhybrismediaprod.blob.core.windows.net%2Fsys-master-phoenix-images-container%2Fh9e%2Fhf2%2F9081238650910%2FCynosa-V2-Phoenix-06_1500x1000.jpg,https://assets3.razerzone.com/7jEnCsMkTGaQD7S1pWXblmep_q4=/1500x1000/https%3A%2F%2Fhybrismediaprod.blob.core.windows.net%2Fsys-master-phoenix-images-container%2Fh97%2Fhde%2F9081238093854%2FCynosa-V2-Phoenix-07_1500x1000.jpg
Razer DeathStalker V2 Pro - Linear Optical Switch - US,Razer,Wireless Low-Profile RGB Optical Gaming Keyboard,249,20,keyboard,https://assets3.razerzone.com/bsIZwDms_tf0hauT2qWTVkTNeGQ=/1500x1000/https%3A%2F%2Fhybrismediaprod.blob.core.windows.net%2Fsys-master-phoenix-images-container%2Fh50%2Fh7f%2F9422672527390%2F220726-deathstalker-v2-pro-1500x1000-1.jpg,https://assets3.razerzone.com/M2agKtHTUh4a6QYsz0TtTsWMf38=/1500x1000/https%3A%2F%2Fhybrismediaprod.blob.core.windows.net%2Fsys-master-phoenix-images-container%2Fh80%2Fh78%2F9422672723998%2F220726-deathstalker-v2-pro-1500x1000-3.jpg,https://assets3.razerzone.com/VBAW0OdG5yUBFx1fqsdlo5v6pb4=/1500x1000/https%3A%2F%2Fhybrismediaprod.blob.core.windows.net%2Fsys-master-phoenix-images-container%2Fhb6%2Fh85%2F9422672363550%2F220726-deathstalker-v2-pro-1500x1000-2.jpg,https://assets3.razerzone.com/aFv45Y06y9mHLNcx2sOV7rRxDB4=/1500x1000/https%3A%2F%2Fhybrismediaprod.blob.core.windows.net%2Fsys-master-phoenix-images-container%2Fh4e%2Fh82%2F9422672461854%2F220726-deathstalker-v2-pro-1500x1000-5.jpg
Razer DeathStalker V2 Pro Tenkeyless - US,Razer,Wireless Low-Profile RGB Tenkeyless Optical Keyboard,219.99,20,keyboard,https://assets3.razerzone.com/H1kOA074p-R0Dw2npybbhx4JKno=/1500x1000/https%3A%2F%2Fhybrismediaprod.blob.core.windows.net%2Fsys-master-phoenix-images-container%2Fhf7%2Fh81%2F9422672494622%2F220726-deathstalker-v2-pro-tkl-1500x1000-1.jpg,https://assets3.razerzone.com/Qoh6pvWIImVGdh-BD5WhIG4fulc=/1500x1000/https%3A%2F%2Fhybrismediaprod.blob.core.windows.net%2Fsys-master-phoenix-images-container%2Fh91%2Fh7b%2F9422672658462%2F220726-deathstalker-v2-pro-tkl-1500x1000-2.jpg,https://assets3.razerzone.com/4GPmE3JbAGgoUQ2kCDMNml3fAVo=/1500x1000/https%3A%2F%2Fhybrismediaprod.blob.core.windows.net%2Fsys-master-phoenix-images-container%2Fh8f%2Fh7e%2F9422672592926%2F220726-deathstalker-v2-pro-tkl-1500x1000-3.jpg,https://assets3.razerzone.com/QLX-YwzG27C-sBZpXz66wIZcmRE=/1500x1000/https%3A%2F%2Fhybrismediaprod.blob.core.windows.net%2Fsys-master-phoenix-images-container%2Fhc0%2Fh74%2F9422672855070%2F220726-deathstalker-v2-pro-tkl-1500x1000-6.jpg
Razer Barracuda Pro,Razer,Wireless Gaming Headset with Hybrid ANC,249.99,20,headset,https://assets3.razerzone.com/cxZvrMuWUmYvBj_jkkvqmk_46xQ=/1500x1000/https%3A%2F%2Fhybrismediaprod.blob.core.windows.net%2Fsys-master-phoenix-images-container%2Fhac%2Fhfc%2F9407843500062%2F220531-barracuda-pro-1500x1000-1.jpg,https://assets3.razerzone.com/HWnT1Jzgv-dWpJzXBg1uwXb-FdM=/1500x1000/https%3A%2F%2Fhybrismediaprod.blob.core.windows.net%2Fsys-master-phoenix-images-container%2Fh3f%2Fhf8%2F9407843696670%2F220531-barracuda-pro-1500x1000-2.jpg,https://assets3.razerzone.com/Pl5kIw_IRiXfbDMEsLWPBa6e-wM=/1500x1000/https%3A%2F%2Fhybrismediaprod.blob.core.windows.net%2Fsys-master-phoenix-images-container%2Fh96%2Fhf8%2F9407843663902%2F220531-barracuda-pro-1500x1000-3.jpg,https://assets3.razerzone.com/Gmuth1gqD95ai-8QHLWktG0H7Vg=/1500x1000/https%3A%2F%2Fhybrismediaprod.blob.core.windows.net%2Fsys-master-phoenix-images-container%2Fh98%2Fhf5%2F9407843729438%2F220531-barracuda-pro-1500x1000-4.jpg
Razer Barracuda,Razer,Wireless Multi-platform Gaming and Mobile Headset,159.99,20,headset,https://assets3.razerzone.com/J5CSmGPQ4hRShIBWavAtoWmvK_E=/1500x1000/https%3A%2F%2Fhybrismediaprod.blob.core.windows.net%2Fsys-master-phoenix-images-container%2Fhed%2Fhf8%2F9407843631134%2F220531-barracuda-1500x1000-1.png,https://assets3.razerzone.com/fbaM0FBX9aZarmp9EuijL1gR87o=/1500x1000/https%3A%2F%2Fhybrismediaprod.blob.core.windows.net%2Fsys-master-phoenix-images-container%2Fh55%2Fhfc%2F9407843532830%2F220531-barracuda-1500x1000-2.png,https://assets3.razerzone.com/Fumr-LimL0ukOo8fkEmVs4v-OeM=/1500x1000/https%3A%2F%2Fhybrismediaprod.blob.core.windows.net%2Fsys-master-phoenix-images-container%2Fhd7%2Fhf4%2F9407843794974%2F220531-barracuda-1500x1000-3.png,https://assets3.razerzone.com/RkCaNKwptSAzwv3XpCcRLHJrqII=/1500x1000/https%3A%2F%2Fhybrismediaprod.blob.core.windows.net%2Fsys-master-phoenix-images-container%2Fh2d%2Fhf5%2F9407843762206%2F220531-barracuda-1500x1000-5.png
Razer Barracuda X - Black,Razer,Wireless Multi-platform Gaming and Mobile Headset,99.99,15,headset,https://assets3.razerzone.com/rV8Jd2p34GnWw4q0UHhErPSDbdc=/1500x1000/https%3A%2F%2Fhybrismediaprod.blob.core.windows.net%2Fsys-master-phoenix-images-container%2Fh06%2Fhd1%2F9195729518622%2FBarracuda-X-1500x1000-1.jpg,https://assets3.razerzone.com/M2bos_E_0LTr8Au5twmGRCaFOXU=/1500x1000/https%3A%2F%2Fhybrismediaprod.blob.core.windows.net%2Fsys-master-phoenix-images-container%2Fh5b%2Fhd4%2F9195729420318%2FBarracuda-X-1500x1000-2.jpg,https://assets3.razerzone.com/tI2-kY20WI9nnXDPYOTocYmwYeY=/1500x1000/https%3A%2F%2Fhybrismediaprod.blob.core.windows.net%2Fsys-master-phoenix-images-container%2Fh9c%2Fhd0%2F9195729551390%2FBarracuda-X-1500x1000-5.jpg,https://assets3.razerzone.com/XABpbAMSNnDRkf4r6wM7hFskvtc=/1500x1000/https%3A%2F%2Fhybrismediaprod.blob.core.windows.net%2Fsys-master-phoenix-images-container%2Fh47%2Fhcd%2F9195729649694%2FBarracuda-X-1500x1000-6.jpg
Razer Barracuda X - Mercury,Razer,Wireless Multi-platform Gaming and Mobile Headset,99.99,15,headset,https://assets3.razerzone.com/3LXjpReLC0vkNzJ-klOKD20DKsM=/1500x1000/https%3A%2F%2Fhybrismediaprod.blob.core.windows.net%2Fsys-master-phoenix-images-container%2Fhea%2Fh8c%2F9248880459806%2F211021-barracuda-x-mercury-1500x1000-1.jpg,https://assets3.razerzone.com/d731fvSfiwHjcAuX2XsoHYbUrAU=/1500x1000/https%3A%2F%2Fhybrismediaprod.blob.core.windows.net%2Fsys-master-phoenix-images-container%2Fh82%2Fh89%2F9248880558110%2F211021-barracuda-x-mercury-1500x1000-2.jpg,https://assets3.razerzone.com/_3-kNgOGUkHe5h05g3yp0nbOd6Q=/1500x1000/https%3A%2F%2Fhybrismediaprod.blob.core.windows.net%2Fsys-master-phoenix-images-container%2Fhb2%2Fh82%2F9248880754718%2F211021-barracuda-x-mercury-1500x1000-3.jpg,https://assets3.razerzone.com/wrqEIrFa6Mw81t9ccJgKNEOsVDg=/1500x1000/https%3A%2F%2Fhybrismediaprod.blob.core.windows.net%2Fsys-master-phoenix-images-container%2Fhc2%2Fh85%2F9248880689182%2F211021-barracuda-x-mercury-1500x1000-4.jpg
Razer Barracuda X - Quartz,Razer,Wireless Multi-platform Gaming and Mobile Headset,99.99,15,headset,https://assets3.razerzone.com/5qR3jqwHCP4-BBI0YZFXG5oKA38=/1500x1000/https%3A%2F%2Fhybrismediaprod.blob.core.windows.net%2Fsys-master-phoenix-images-container%2Fhfe%2Fh93%2F9248880230430%2F211021-barracuda-x-quartz-1500x1000-1.jpg,https://assets3.razerzone.com/AiD_yGfu_OyDJrcJ2GafyH2H1XU=/1500x1000/https%3A%2F%2Fhybrismediaprod.blob.core.windows.net%2Fsys-master-phoenix-images-container%2Fhd9%2Fh89%2F9248880525342%2F211021-barracuda-x-quartz-1500x1000-2.jpg,https://assets3.razerzone.com/OjrwuCUIGb6CoYZEE5Ny6P7LAEM=/1500x1000/https%3A%2F%2Fhybrismediaprod.blob.core.windows.net%2Fsys-master-phoenix-images-container%2Fh80%2Fh8c%2F9248880492574%2F211021-barracuda-x-quartz-1500x1000-3.jpg,https://assets3.razerzone.com/pOkvY_LfgXaHE7FnAnqJIbIYDE8=/1500x1000/https%3A%2F%2Fhybrismediaprod.blob.core.windows.net%2Fsys-master-phoenix-images-container%2Fhe8%2Fh8f%2F9248880394270%2F211021-barracuda-x-quartz-1500x1000-4.jpg
Razer Kraken V3 HyperSense,Razer,Wired USB Gaming Headset with Haptic Technology,129.99,15,headset,https://assets3.razerzone.com/FtHlGv3eiTmnzS3tBHVOIcIx_p8=/1500x1000/https%3A%2F%2Fhybrismediaprod.blob.core.windows.net%2Fsys-master-phoenix-images-container%2Fh50%2Fh58%2F9248879378462%2F211021-kraken-v3-hypersense-1500x1000-1.jpg,https://assets3.razerzone.com/DXmrqL78vr82sqqCT4Tm7mKwMWk=/1500x1000/https%3A%2F%2Fhybrismediaprod.blob.core.windows.net%2Fsys-master-phoenix-images-container%2Fh89%2Fh62%2F9248879673374%2F211021-kraken-v3-hypersense-1500x1000-2.jpg,https://assets3.razerzone.com/JlQA5R4dQ1ZOkOri4cJ0Y714ZmM=/1500x1000/https%3A%2F%2Fhybrismediaprod.blob.core.windows.net%2Fsys-master-phoenix-images-container%2Fhca%2Fh5e%2F9248879542302%2F211021-kraken-v3-hypersense-1500x1000-4.jpg,https://assets3.razerzone.com/t4-lX_WPfbOM2zgEiHi5fvDhjNg=/1500x1000/https%3A%2F%2Fhybrismediaprod.blob.core.windows.net%2Fsys-master-phoenix-images-container%2Fhf1%2Fh65%2F9248879771678%2F211021-kraken-v3-hypersense-1500x1000-5.jpg
Razer Kraken V3,Razer,Wired USB Gaming Headset with Razer Chroma RGB,99.99,15,headset,https://assets3.razerzone.com/NoOLfb_PcCjFndA5ZPT3g0ji7_g=/1500x1000/https%3A%2F%2Fhybrismediaprod.blob.core.windows.net%2Fsys-master-phoenix-images-container%2Fh0a%2Fh5b%2F9248879411230%2F211021-kraken-v3-1500x1000-1.jpg,https://assets3.razerzone.com/nsNEL8pF0tmxfHfHDVFjUqPNLUU=/1500x1000/https%3A%2F%2Fhybrismediaprod.blob.core.windows.net%2Fsys-master-phoenix-images-container%2Fh5f%2Fh5e%2F9248879509534%2F211021-kraken-v3-1500x1000-2.jpg,https://assets3.razerzone.com/_3Pp8GTWFMRGXWG0-0mIBgdkT6Y=/1500x1000/https%3A%2F%2Fhybrismediaprod.blob.core.windows.net%2Fsys-master-phoenix-images-container%2Fha2%2Fh57%2F9248879312926%2F211021-kraken-v3-1500x1000-3.jpg,https://assets3.razerzone.com/xyQuN6fiCuT1vR7v-baXIfwPpME=/1500x1000/https%3A%2F%2Fhybrismediaprod.blob.core.windows.net%2Fsys-master-phoenix-images-container%2Fhf9%2Fh57%2F9248879345694%2F211021-kraken-v3-1500x1000-4.jpg
Razer Kraken V3 Pro,Razer,Wireless Gaming Headset with Haptic Technology,199.99,20,headset,https://assets3.razerzone.com/-bjuotR1xBPpOtjHdarNj6GVwaM=/1500x1000/https%3A%2F%2Fhybrismediaprod.blob.core.windows.net%2Fsys-master-phoenix-images-container%2Fhb8%2Fh5b%2F9248879476766%2F211021-kraken-v3-pro-1500x1000-1.jpg,https://assets3.razerzone.com/anINIwZ1MZT4cGc562mn9rs9lIA=/1500x1000/https%3A%2F%2Fhybrismediaprod.blob.core.windows.net%2Fsys-master-phoenix-images-container%2Fh50%2Fh93%2F9248880295966%2F211021-kraken-v3-pro-1500x1000-2.jpg,https://assets3.razerzone.com/IdaaDSZOcR6XhUadNt6QylCV7Fs=/1500x1000/https%3A%2F%2Fhybrismediaprod.blob.core.windows.net%2Fsys-master-phoenix-images-container%2Fh66%2Fh97%2F9248880132126%2F211021-kraken-v3-pro-1500x1000-4.jpg,https://assets3.razerzone.com/ZvGdt1_GYwzaYNsnh2kQlfhzxFo=/1500x1000/https%3A%2F%2Fhybrismediaprod.blob.core.windows.net%2Fsys-master-phoenix-images-container%2Fha7%2Fh93%2F9248880263198%2F211021-kraken-v3-pro-1500x1000-6.jpg
Razer Kraken V3 X,Razer,Wired USB Gaming Headset,69.99,10,headset,https://assets3.razerzone.com/FFVKY9f4Ov6XQTkdXFDxC2_LKQ4=/1500x1000/https%3A%2F%2Fhybrismediaprod.blob.core.windows.net%2Fsys-master-phoenix-images-container%2Fh76%2Fhc4%2F9161895411742%2FkrakenV3X-1500x1000-1.jpg,https://assets3.razerzone.com/DHKOF-gh-sllXeO7iMfHiELKBEU=/1500x1000/https%3A%2F%2Fhybrismediaprod.blob.core.windows.net%2Fsys-master-phoenix-images-container%2Fh60%2Fhc0%2F9161895575582%2FkrakenV3X-1500x1000-2.jpg,https://assets3.razerzone.com/Clzkb6dLe-q3AgmpxtXoeBaEqxw=/1500x1000/https%3A%2F%2Fhybrismediaprod.blob.core.windows.net%2Fsys-master-phoenix-images-container%2Fh80%2Fhb3%2F9161895903262%2FkrakenV3X-1500x1000-5.jpg,https://assets3.razerzone.com/CMi8YSGaFVhU44H7TOfs0UJJqpI=/1500x1000/https%3A%2F%2Fhybrismediaprod.blob.core.windows.net%2Fsys-master-phoenix-images-container%2Fhd3%2Fhb2%2F9161895968798%2FkrakenV3X-1500x1000-6.jpg
Razer Kraken BT - Kitty Edition,Razer,Wireless Bluetooth Headset with Razer Chroma RGB,99.99,10,headset,https://assets3.razerzone.com/oQaQwzZm6FiZbehwhJZ4TeuuhU4=/1500x1000/https%3A%2F%2Fhybrismediaprod.blob.core.windows.net%2Fsys-master-phoenix-images-container%2Fh4a%2Fhfe%2F9090914320414%2FkrakenBTkittyQuartz-gallery-1500x1000-img6.jpg,https://assets3.razerzone.com/1Kzt6V_XXgL0pcHBRS97VnPB98M=/1500x1000/https%3A%2F%2Fhybrismediaprod.blob.core.windows.net%2Fsys-master-phoenix-images-container%2Fhf8%2Fhfe%2F9090914385950%2FkrakenBTkittyQuartz-gallery-1500x1000-img7.jpg,https://assets3.razerzone.com/23sdab8IJ0CZI4qlkbp1fjMni2M=/1500x1000/https%3A%2F%2Fhybrismediaprod.blob.core.windows.net%2Fsys-master-phoenix-images-container%2Fha1%2Fhfe%2F9090914353182%2FkrakenBTkittyQuartz-gallery-1500x1000-img9.jpg,https://assets3.razerzone.com/nAf9vuTgR_AFJxF3wYXaulen3Do=/1500x1000/https%3A%2F%2Fhybrismediaprod.blob.core.windows.net%2Fsys-master-phoenix-images-container%2Fh60%2Fhfe%2F9090914418718%2FkrakenBTkittyQuartz-gallery-1500x1000-img5.jpg
Razer Kraken Kitty - Black,Razer,Razer Kitty Ear USB Headset with Chroma,149.99,10,headset,https://assets3.razerzone.com/9ulkeUsBkHiA2P_luKUuqdTA0cM=/1500x1000/https%3A%2F%2Fhybrismediaprod.blob.core.windows.net%2Fsys-master-phoenix-images-container%2Fh43%2Fhcb%2F9243320156190%2FKraken-Kitty-Black-1500x1000-2.jpg,https://assets3.razerzone.com/JoleHxgmWffvCjXyrGWR1bwiOUk=/1500x1000/https%3A%2F%2Fhybrismediaprod.blob.core.windows.net%2Fsys-master-phoenix-images-container%2Fhec%2Fhca%2F9243320188958%2FKraken-Kitty-Black-1500x1000-3.jpg,https://assets3.razerzone.com/jx4dzOk_9dYtmUGlADUbzlzKpYM=/1500x1000/https%3A%2F%2Fhybrismediaprod.blob.core.windows.net%2Fsys-master-phoenix-images-container%2Fh84%2Fhc7%2F9243320287262%2FKraken-Kitty-Black-1500x1000-4.jpg,https://assets3.razerzone.com/rpLJCIIdSf34hgBs7K_8J3Jcmaw=/1500x1000/https%3A%2F%2Fhybrismediaprod.blob.core.windows.net%2Fsys-master-phoenix-images-container%2Fh32%2Fhc8%2F9243320221726%2FKraken-Kitty-Black-1500x1000-6.jpg
Razer Kraken Ultimate,Razer,USB Surround Sound Headset with ANC Microphone,129.99,15,headset,https://assets3.razerzone.com/QmrdhLEMGf5wahRTA7-J2-6SLBw=/1500x1000/https%3A%2F%2Fhybrismediaprod.blob.core.windows.net%2Fsys-master-phoenix-images-container%2Fh23%2Fh89%2F9081229541406%2Frazer-kraken-ultimate-gallery-hero-1500x1000.jpg,https://assets3.razerzone.com/AUTQTBW-aAo88cD2TF3Ujj1cktE=/1500x1000/https%3A%2F%2Fhybrismediaprod.blob.core.windows.net%2Fsys-master-phoenix-images-container%2Fh89%2Fh8f%2F9081229705246%2Fkraken-ult-gallery-1500x1000-3.jpg,https://assets3.razerzone.com/DMCJmVa2pR31qwgofhPiaSSu_AU=/1500x1000/https%3A%2F%2Fhybrismediaprod.blob.core.windows.net%2Fsys-master-phoenix-images-container%2Fhe2%2Fh8c%2F9081229672478%2Fkraken-ult-gallery-1500x1000-4.jpg,https://assets3.razerzone.com/u6I2hDEdJMQqXUwAT0yPF8hv_sc=/1500x1000/https%3A%2F%2Fhybrismediaprod.blob.core.windows.net%2Fsys-master-phoenix-images-container%2Fh76%2Fh70%2F9081230032926%2Fkraken-ult-gallery-1500x1000-5.jpg
Razer BlackShark V2 Pro - White,Razer,Wireless esports headset,179.99,15,headset,https://assets3.razerzone.com/wjsZ9TzLHDcWGmXorV1A_QQBrZI=/1500x1000/https%3A%2F%2Fhybrismediaprod.blob.core.windows.net%2Fsys-master-phoenix-images-container%2Fhee%2Fhba%2F9242824081438%2F210928-blackshark-v2-pro-white-1500x1000-1-v2.jpg,https://assets3.razerzone.com/h4hJM3I5YlsTcbDROj6jv-r3hxw=/1500x1000/https%3A%2F%2Fhybrismediaprod.blob.core.windows.net%2Fsys-master-phoenix-images-container%2Fh42%2Fhbe%2F9242824179742%2F210928-blackshark-v2-pro-white-1500x1000-2.jpg,https://assets3.razerzone.com/JaW7pxFx5VHaC_rpTSbpBWGEow4=/1500x1000/https%3A%2F%2Fhybrismediaprod.blob.core.windows.net%2Fsys-master-phoenix-images-container%2Fheb%2Fhbd%2F9242824146974%2F210928-blackshark-v2-pro-white-1500x1000-4.jpg,https://assets3.razerzone.com/nEe0Oy5Hy9KS_vOTlrZ-Vr7A2xo=/1500x1000/https%3A%2F%2Fhybrismediaprod.blob.core.windows.net%2Fsys-master-phoenix-images-container%2Fhfd%2Fhc0%2F9242824212510%2F210928-blackshark-v2-pro-white-1500x1000-6-v2.jpg
Razer BlackShark V2 Pro - Black,Razer,Wireless esports headset,179.99,15,headset,https://assets3.razerzone.com/2Fhpslj33KhPp_ZcRKlSHt8JIOE=/1500x1000/https%3A%2F%2Fapi-p1.phoenix.razer.com%2Fmedias%2Fblackshark-v2-pro-1500x1000-1-v2.jpg%3Fcontext%3DbWFzdGVyfHJvb3R8NjA3Njg3fGltYWdlL2pwZWd8aDUyL2gwOC85MDg5ODkzNjI5OTgyL2JsYWNrc2hhcmstdjItcHJvLTE1MDB4MTAwMC0xLXYyLmpwZ3xhNWNmNDI5YTc0Njk0MWRjZjVmNWQ1YzY0NGY0ODdmZGVkNmMxZTIyZWRkMGQ5OTBkMTNkN2Y5ZjM4Yjg0ZTZj,https://assets3.razerzone.com/x0wFBxqQa9Jf8pwQwUQGoNGEijY=/1500x1000/https%3A%2F%2Fhybrismediaprod.blob.core.windows.net%2Fsys-master-phoenix-images-container%2Fh74%2Fhc3%2F9086248189982%2Fblackshark-v2-pro-1500x1000-3.jpg,https://assets3.razerzone.com/bXWTcgEp-1zKoeJHIxskpdp3R9c=/1500x1000/https%3A%2F%2Fhybrismediaprod.blob.core.windows.net%2Fsys-master-phoenix-images-container%2Fh8a%2Fhc7%2F9086248026142%2Fblackshark-v2-pro-1500x1000-4.jpg,https://assets3.razerzone.com/a1hTPRayAizlEqNYdneA-rKJBig=/1500x1000/https%3A%2F%2Fhybrismediaprod.blob.core.windows.net%2Fsys-master-phoenix-images-container%2Fh52%2Fhbd%2F9086248321054%2Fblackshark-v2-pro-1500x1000-5.jpg
Razer BlackShark V2 - Black,Razer,Multi-platform wired esports headset,99.99,15,headset,https://assets3.razerzone.com/Cjr7otXK0zKL5a36kjyYh9uPH80=/1500x1000/https%3A%2F%2Fhybrismediaprod.blob.core.windows.net%2Fsys-master-phoenix-images-container%2Fha6%2Fhde%2F9081217318942%2FPhoenix-Gallery-Hero-BlackSharkV2-1500x1000-0.jpg,https://assets3.razerzone.com/1GAikXWGazs_AHQaMJTSthuNhF0=/1500x1000/https%3A%2F%2Fhybrismediaprod.blob.core.windows.net%2Fsys-master-phoenix-images-container%2Fh28%2Fhbe%2F9081218138142%2FPhoenix-Gallery-Hero-BlackSharkV2-1500x1000-3.jpg,https://assets3.razerzone.com/CGcMyRzj7pr0-GzL8U-SD54TjWs=/1500x1000/https%3A%2F%2Fhybrismediaprod.blob.core.windows.net%2Fsys-master-phoenix-images-container%2Fh0e%2Fhe2%2F9081217417246%2FPhoenix-Gallery-Hero-BlackSharkV2-1500x1000-4.jpg,https://assets3.razerzone.com/3h3CDgaGRLqDqpasph0WxcD9HbM=/1500x1000/https%3A%2F%2Fhybrismediaprod.blob.core.windows.net%2Fsys-master-phoenix-images-container%2Fhc0%2Fhba%2F9081218236446%2FPhoenix-Gallery-Hero-BlackSharkV2-1500x1000-5.jpg
Razer BlackShark V2 X - Black,Razer,Multi-platform wired esports headset,59.99,10,headset,https://assets3.razerzone.com/Qz5bwv9cV1fRPxbqKiXuUSwQmIE=/1500x1000/https%3A%2F%2Fhybrismediaprod.blob.core.windows.net%2Fsys-master-phoenix-images-container%2Fhd5%2Fh0d%2F9081231638558%2FPhoenix-Gallery-Blackshark-V2-X-1500x1000-0.jpg,https://assets3.razerzone.com/_bUDHbPvH8ZPpVYYCCJu5uHok_o=/1500x1000/https%3A%2F%2Fhybrismediaprod.blob.core.windows.net%2Fsys-master-phoenix-images-container%2Fh06%2Fh71%2F9081232457758%2FPhoenix-Gallery-Blackshark-V2-X-1500x1000-3.jpg,https://assets3.razerzone.com/jiUlCc228ydLVB5jPzn58YVLZfI=/1500x1000/https%3A%2F%2Fhybrismediaprod.blob.core.windows.net%2Fsys-master-phoenix-images-container%2Fh47%2Fh6d%2F9081232326686%2FPhoenix-Gallery-Blackshark-V2-X-1500x1000-4.jpg,https://assets3.razerzone.com/PVYEalIALTlc-VD2K1N4CJW_VNA=/1500x1000/https%3A%2F%2Fhybrismediaprod.blob.core.windows.net%2Fsys-master-phoenix-images-container%2Fh76%2Fh03%2F9081231114270%2FPhoenix-Gallery-Blackshark-V2-X-1500x1000-5.jpg